date,price,year,day,totaltx
6/1/2011 0:00,9.57,2011,152,6464
6/2/2011 0:00,10.6,2011,153,7632
6/3/2011 0:00,14.29,2011,154,8502
6/4/2011 0:00,18.89,2011,155,8766
6/5/2011 0:00,16.7,2011,156,8675
6/6/2011 0:00,18.55,2011,157,9437
6/7/2011 0:00,23.92,2011,158,9476
6/8/2011 0:00,29.6,2011,159,12536
6/9/2011 0:00,28.92,2011,160,11687
6/10/2011 0:00,23.95,2011,161,11242
6/11/2011 0:00,14.65,2011,162,11004
6/12/2011 0:00,18.55,2011,163,12548
6/13/2011 0:00,19.84,2011,164,11647
6/14/2011 0:00,19.28,2011,165,14065
6/15/2011 0:00,19.49,2011,166,12640
6/16/2011 0:00,17,2011,167,12077
6/17/2011 0:00,15.68,2011,168,11545
6/18/2011 0:00,16.89,2011,169,11585
6/19/2011 0:00,17.51,2011,170,11463
6/20/2011 0:00,17.51,2011,171,11260
6/21/2011 0:00,17.51,2011,172,9627
6/22/2011 0:00,17.51,2011,173,11366
6/23/2011 0:00,17.51,2011,174,10827
6/24/2011 0:00,17.51,2011,175,10307
6/25/2011 0:00,17.51,2011,176,9723
6/26/2011 0:00,16.45,2011,177,10851
6/27/2011 0:00,16.75,2011,178,11035
6/28/2011 0:00,16.95,2011,179,10691
6/29/2011 0:00,16.84,2011,180,9939
6/30/2011 0:00,16.1,2011,181,9622
7/1/2011 0:00,15.4,2011,182,10527
7/2/2011 0:00,15.4,2011,183,7658
7/3/2011 0:00,15.44,2011,184,8432
7/4/2011 0:00,13.86,2011,185,9808
7/5/2011 0:00,12.91,2011,186,9688
7/6/2011 0:00,14.78,2011,187,10158
7/7/2011 0:00,14.78,2011,188,8905
7/8/2011 0:00,14.31,2011,189,8254
7/9/2011 0:00,14.38,2011,190,7528
7/10/2011 0:00,14.9,2011,191,9276
7/11/2011 0:00,14.21,2011,192,9986
7/12/2011 0:00,14.01,2011,193,8363
7/13/2011 0:00,13.95,2011,194,8872
7/14/2011 0:00,13.99,2011,195,8834
7/15/2011 0:00,13.81,2011,196,8399
7/16/2011 0:00,13.72,2011,197,8931
7/17/2011 0:00,13.16,2011,198,7999
7/18/2011 0:00,13.48,2011,199,9409
7/19/2011 0:00,13.85,2011,200,8946
7/20/2011 0:00,13.69,2011,201,8591
7/21/2011 0:00,13.61,2011,202,8227
7/22/2011 0:00,13.7,2011,203,8951
7/23/2011 0:00,13.68,2011,204,7286
7/24/2011 0:00,13.98,2011,205,8754
7/25/2011 0:00,14.05,2011,206,9261
7/26/2011 0:00,13.88,2011,207,8300
7/27/2011 0:00,13.94,2011,208,7799
7/28/2011 0:00,13.49,2011,209,8064
7/29/2011 0:00,13.5,2011,210,7109
7/30/2011 0:00,13.53,2011,211,6020
7/31/2011 0:00,13.35,2011,212,8445
8/1/2011 0:00,13.09,2011,213,8634
8/2/2011 0:00,12.05,2011,214,8537
8/3/2011 0:00,9.26,2011,215,7680
8/4/2011 0:00,10.75,2011,216,8110
8/5/2011 0:00,9.8,2011,217,7644
8/6/2011 0:00,6.55,2011,218,6517
8/7/2011 0:00,7.9,2011,219,6798
8/8/2011 0:00,7.8,2011,220,7402
8/9/2011 0:00,9.99,2011,221,9465
8/10/2011 0:00,9.98,2011,222,8053
8/11/2011 0:00,9.46,2011,223,7551
8/12/2011 0:00,9.46,2011,224,7421
8/13/2011 0:00,10.13,2011,225,7112
8/14/2011 0:00,10.8,2011,226,7606
8/15/2011 0:00,11.15,2011,227,8247
8/16/2011 0:00,10.96,2011,228,9922
8/17/2011 0:00,10.95,2011,229,7597
8/18/2011 0:00,10.83,2011,230,7577
8/19/2011 0:00,11.65,2011,231,7401
8/20/2011 0:00,11.45,2011,232,7106
8/21/2011 0:00,11.31,2011,233,7896
8/22/2011 0:00,10.89,2011,234,7749
8/23/2011 0:00,10.94,2011,235,7432
8/24/2011 0:00,10.85,2011,236,7125
8/25/2011 0:00,9.66,2011,237,7246
8/26/2011 0:00,8.18,2011,238,7242
8/27/2011 0:00,8.59,2011,239,6081
8/28/2011 0:00,9.07,2011,240,6039
8/29/2011 0:00,8.97,2011,241,8067
8/30/2011 0:00,8.79,2011,242,7978
8/31/2011 0:00,8.2,2011,243,7300
9/1/2011 0:00,8.21,2011,244,6854
9/2/2011 0:00,8.64,2011,245,7034
9/3/2011 0:00,8.48,2011,246,5939
9/4/2011 0:00,8.18,2011,247,7393
9/5/2011 0:00,7.61,2011,248,7040
9/6/2011 0:00,6.86,2011,249,7833
9/7/2011 0:00,7.19,2011,250,6853
9/8/2011 0:00,6.53,2011,251,7044
9/9/2011 0:00,5.03,2011,252,6896
9/10/2011 0:00,4.77,2011,253,5876
9/11/2011 0:00,5.86,2011,254,6825
9/12/2011 0:00,6.08,2011,255,6289
9/13/2011 0:00,5.8,2011,256,6620
9/14/2011 0:00,5.62,2011,257,6106
9/15/2011 0:00,4.84,2011,258,6409
9/16/2011 0:00,4.82,2011,259,6100
9/17/2011 0:00,4.77,2011,260,5404
9/18/2011 0:00,5.2,2011,261,6237
9/19/2011 0:00,5.46,2011,262,6650
9/20/2011 0:00,6.11,2011,263,8619
9/21/2011 0:00,5.61,2011,264,7172
9/22/2011 0:00,5.43,2011,265,6247
9/23/2011 0:00,5.55,2011,266,6254
9/24/2011 0:00,5.47,2011,267,5642
9/25/2011 0:00,5.33,2011,268,5584
9/26/2011 0:00,4.87,2011,269,5763
9/27/2011 0:00,4.92,2011,270,6146
9/28/2011 0:00,4.77,2011,271,5925
9/29/2011 0:00,4.78,2011,272,5637
9/30/2011 0:00,5.14,2011,273,5898
10/1/2011 0:00,5.03,2011,274,5136
10/2/2011 0:00,5.03,2011,275,5444
10/3/2011 0:00,5.02,2011,276,6483
10/4/2011 0:00,4.96,2011,277,5729
10/5/2011 0:00,4.87,2011,278,5734
10/6/2011 0:00,4.73,2011,279,5796
10/7/2011 0:00,4.27,2011,280,5622
10/8/2011 0:00,4.01,2011,281,5357
10/9/2011 0:00,4.1,2011,282,5694
10/10/2011 0:00,4.1,2011,283,5696
10/11/2011 0:00,3.93,2011,284,6499
10/12/2011 0:00,4.15,2011,285,5054
10/13/2011 0:00,4.05,2011,286,5449
10/14/2011 0:00,3.99,2011,287,6206
10/15/2011 0:00,3.84,2011,288,5301
10/16/2011 0:00,3.56,2011,289,4999
10/17/2011 0:00,2.56,2011,290,5970
10/18/2011 0:00,2.42,2011,291,4641
10/19/2011 0:00,2.27,2011,292,5342
10/20/2011 0:00,2.35,2011,293,4691
10/21/2011 0:00,2.57,2011,294,5044
10/22/2011 0:00,3.16,2011,295,5412
10/23/2011 0:00,3.17,2011,296,5605
10/24/2011 0:00,2.54,2011,297,5555
10/25/2011 0:00,2.77,2011,298,5394
10/26/2011 0:00,2.77,2011,299,5103
10/27/2011 0:00,3.04,2011,300,4875
10/28/2011 0:00,3.19,2011,301,5336
10/29/2011 0:00,3.58,2011,302,5490
10/30/2011 0:00,3.27,2011,303,4665
10/31/2011 0:00,3.25,2011,304,5343
11/1/2011 0:00,3.15,2011,305,5898
11/2/2011 0:00,3.25,2011,306,5875
11/3/2011 0:00,3.15,2011,307,6203
11/4/2011 0:00,3.11,2011,308,6729
11/5/2011 0:00,2.97,2011,309,5634
11/6/2011 0:00,2.96,2011,310,5509
11/7/2011 0:00,3.01,2011,311,5368
11/8/2011 0:00,3.03,2011,312,6354
11/9/2011 0:00,2.95,2011,313,6638
11/10/2011 0:00,2.84,2011,314,6007
11/11/2011 0:00,3.08,2011,315,5119
11/12/2011 0:00,3.03,2011,316,5059
11/13/2011 0:00,3,2011,317,5565
11/14/2011 0:00,2.22,2011,318,5798
11/15/2011 0:00,2.33,2011,319,6070
11/16/2011 0:00,2.56,2011,320,6006
11/17/2011 0:00,2.25,2011,321,5097
11/18/2011 0:00,2.05,2011,322,5032
11/19/2011 0:00,2.2,2011,323,4618
11/20/2011 0:00,2.2,2011,324,4973
11/21/2011 0:00,2.29,2011,325,5111
11/22/2011 0:00,2.33,2011,326,5631
11/23/2011 0:00,2.33,2011,327,5139
11/24/2011 0:00,2.43,2011,328,4940
11/25/2011 0:00,2.51,2011,329,5372
11/26/2011 0:00,2.47,2011,330,4972
11/27/2011 0:00,2.48,2011,331,5418
11/28/2011 0:00,2.55,2011,332,6163
11/29/2011 0:00,2.75,2011,333,6511
11/30/2011 0:00,2.97,2011,334,6332
12/1/2011 0:00,3.06,2011,335,6660
12/2/2011 0:00,3.12,2011,336,5966
12/3/2011 0:00,2.79,2011,337,5566
12/4/2011 0:00,2.83,2011,338,5587
12/5/2011 0:00,2.88,2011,339,6254
12/6/2011 0:00,3.03,2011,340,8062
12/7/2011 0:00,2.99,2011,341,6136
12/8/2011 0:00,2.98,2011,342,5716
12/9/2011 0:00,2.97,2011,343,6085
12/10/2011 0:00,3.05,2011,344,4999
12/11/2011 0:00,3.25,2011,345,5075
12/12/2011 0:00,3.13,2011,346,5623
12/13/2011 0:00,3.25,2011,347,5083
12/14/2011 0:00,3.15,2011,348,5537
12/15/2011 0:00,3.2,2011,349,5276
12/16/2011 0:00,3.2,2011,350,4825
12/17/2011 0:00,3.2,2011,351,4972
12/18/2011 0:00,3.19,2011,352,4481
12/19/2011 0:00,3.52,2011,353,6345
12/20/2011 0:00,3.95,2011,354,6117
12/21/2011 0:00,3.89,2011,355,5396
12/22/2011 0:00,3.89,2011,356,6145
12/23/2011 0:00,3.95,2011,357,5134
12/24/2011 0:00,3.94,2011,358,4657
12/25/2011 0:00,4.22,2011,359,5500
12/26/2011 0:00,4.02,2011,360,5718
12/27/2011 0:00,4.07,2011,361,5104
12/28/2011 0:00,4.19,2011,362,5174
12/29/2011 0:00,4.17,2011,363,4697
12/30/2011 0:00,4.25,2011,364,5468
12/31/2011 0:00,4.72,2011,365,4708
1/1/2012 0:00,5.27,2012,1,5185
1/2/2012 0:00,5.22,2012,2,5780
1/3/2012 0:00,4.88,2012,3,5823
1/4/2012 0:00,5.57,2012,4,5978
1/5/2012 0:00,6.95,2012,5,6509
1/6/2012 0:00,6.7,2012,6,6583
1/7/2012 0:00,6.81,2012,7,6447
1/8/2012 0:00,7.11,2012,8,6031
1/9/2012 0:00,6.33,2012,9,6172
1/10/2012 0:00,6.36,2012,10,6905
1/11/2012 0:00,6.9,2012,11,7202
1/12/2012 0:00,6.8,2012,12,6952
1/13/2012 0:00,6.41,2012,13,6723
1/14/2012 0:00,6.75,2012,14,7136
1/15/2012 0:00,7,2012,15,6150
1/16/2012 0:00,6.68,2012,16,6718
1/17/2012 0:00,5.6,2012,17,6918
1/18/2012 0:00,5.92,2012,18,6336
1/19/2012 0:00,6.36,2012,19,6791
1/20/2012 0:00,6.49,2012,20,6975
1/21/2012 0:00,6.18,2012,21,6130
1/22/2012 0:00,6.31,2012,22,5559
1/23/2012 0:00,6.36,2012,23,6225
1/24/2012 0:00,6.29,2012,24,7940
1/25/2012 0:00,5.75,2012,25,7183
1/26/2012 0:00,5.34,2012,26,6696
1/27/2012 0:00,5.29,2012,27,5848
1/28/2012 0:00,5.63,2012,28,6344
1/29/2012 0:00,5.38,2012,29,6163
1/30/2012 0:00,5.49,2012,30,6441
1/31/2012 0:00,5.48,2012,31,6887
2/1/2012 0:00,6.08,2012,32,6624
2/2/2012 0:00,6.1,2012,33,7343
2/3/2012 0:00,5.96,2012,34,6851
2/4/2012 0:00,5.87,2012,35,7084
2/5/2012 0:00,5.69,2012,36,6588
2/6/2012 0:00,5.45,2012,37,6495
2/7/2012 0:00,5.69,2012,38,6911
2/8/2012 0:00,5.6,2012,39,6925
2/9/2012 0:00,5.83,2012,40,7715
2/10/2012 0:00,5.91,2012,41,8564
2/11/2012 0:00,5.6,2012,42,7262
2/12/2012 0:00,5.51,2012,43,7225
2/13/2012 0:00,5.26,2012,44,8602
2/14/2012 0:00,4.46,2012,45,9312
2/15/2012 0:00,4.33,2012,46,10196
2/16/2012 0:00,4.27,2012,47,8314
2/17/2012 0:00,4.41,2012,48,6246
2/18/2012 0:00,4.22,2012,49,6692
2/19/2012 0:00,4.39,2012,50,5953
2/20/2012 0:00,4.36,2012,51,6480
2/21/2012 0:00,4.27,2012,52,6554
2/22/2012 0:00,4.42,2012,53,7265
2/23/2012 0:00,5.01,2012,54,7884
2/24/2012 0:00,5.03,2012,55,6847
2/25/2012 0:00,4.77,2012,56,6065
2/26/2012 0:00,4.92,2012,57,5919
2/27/2012 0:00,4.96,2012,58,6770
2/28/2012 0:00,4.87,2012,59,7001
2/29/2012 0:00,4.86,2012,60,6580
3/1/2012 0:00,4.92,2012,61,7436
3/2/2012 0:00,4.7,2012,62,6483
3/3/2012 0:00,4.61,2012,63,5350
3/4/2012 0:00,4.82,2012,64,6750
3/5/2012 0:00,4.98,2012,65,7076
3/6/2012 0:00,4.99,2012,66,6460
3/7/2012 0:00,4.94,2012,67,6676
3/8/2012 0:00,4.93,2012,68,6495
3/9/2012 0:00,4.86,2012,69,6329
3/10/2012 0:00,4.83,2012,70,5287
3/11/2012 0:00,4.91,2012,71,5144
3/12/2012 0:00,4.89,2012,72,6392
3/13/2012 0:00,5.27,2012,73,6863
3/14/2012 0:00,5.38,2012,74,6996
3/15/2012 0:00,5.33,2012,75,6486
3/16/2012 0:00,5.34,2012,76,7174
3/17/2012 0:00,5.22,2012,77,6724
3/18/2012 0:00,5.28,2012,78,6034
3/19/2012 0:00,4.69,2012,79,6970
3/20/2012 0:00,4.84,2012,80,6754
3/21/2012 0:00,4.81,2012,81,6722
3/22/2012 0:00,4.7,2012,82,6485
3/23/2012 0:00,4.69,2012,83,6209
3/24/2012 0:00,4.68,2012,84,6537
3/25/2012 0:00,4.55,2012,85,6120
3/26/2012 0:00,4.62,2012,86,6808
3/27/2012 0:00,4.81,2012,87,6540
3/28/2012 0:00,4.79,2012,88,7341
3/29/2012 0:00,4.81,2012,89,7597
3/30/2012 0:00,4.86,2012,90,6716
3/31/2012 0:00,4.91,2012,91,5903
4/1/2012 0:00,4.83,2012,92,5299
4/2/2012 0:00,4.97,2012,93,7107
4/3/2012 0:00,4.95,2012,94,7889
4/4/2012 0:00,4.91,2012,95,6820
4/5/2012 0:00,4.92,2012,96,7053
4/6/2012 0:00,4.95,2012,97,6576
4/7/2012 0:00,4.69,2012,98,6130
4/8/2012 0:00,4.79,2012,99,5835
4/9/2012 0:00,4.87,2012,100,6781
4/10/2012 0:00,4.84,2012,101,8679
4/11/2012 0:00,4.93,2012,102,8014
4/12/2012 0:00,4.92,2012,103,8065
4/13/2012 0:00,4.94,2012,104,7260
4/14/2012 0:00,4.96,2012,105,7868
4/15/2012 0:00,4.97,2012,106,7437
4/16/2012 0:00,4.93,2012,107,8548
4/17/2012 0:00,4.98,2012,108,8000
4/18/2012 0:00,5.12,2012,109,8265
4/19/2012 0:00,5.14,2012,110,8075
4/20/2012 0:00,5.35,2012,111,8307
4/21/2012 0:00,5.26,2012,112,6837
4/22/2012 0:00,5.2,2012,113,6552
4/23/2012 0:00,4.96,2012,114,7229
4/24/2012 0:00,5.1,2012,115,7910
4/25/2012 0:00,5.13,2012,116,7285
4/26/2012 0:00,5.1,2012,117,9862
4/27/2012 0:00,5.11,2012,118,7330
4/28/2012 0:00,4.98,2012,119,7575
4/29/2012 0:00,4.9,2012,120,7535
4/30/2012 0:00,4.95,2012,121,9868
5/1/2012 0:00,5,2012,122,10135
5/2/2012 0:00,5.07,2012,123,10468
5/3/2012 0:00,5.13,2012,124,14266
5/4/2012 0:00,5.07,2012,125,13879
5/5/2012 0:00,5.08,2012,126,12743
5/6/2012 0:00,5.05,2012,127,11494
5/7/2012 0:00,5.06,2012,128,19578
5/8/2012 0:00,5.05,2012,129,16681
5/9/2012 0:00,5.04,2012,130,17475
5/10/2012 0:00,4.85,2012,131,14275
5/11/2012 0:00,4.96,2012,132,17299
5/12/2012 0:00,4.95,2012,133,17829
5/13/2012 0:00,4.93,2012,134,17355
5/14/2012 0:00,5.01,2012,135,27031
5/15/2012 0:00,5.03,2012,136,23400
5/16/2012 0:00,5.09,2012,137,15372
5/17/2012 0:00,5.1,2012,138,19352
5/18/2012 0:00,5.12,2012,139,29086
5/19/2012 0:00,5.1,2012,140,33491
5/20/2012 0:00,5.09,2012,141,29979
5/21/2012 0:00,5.1,2012,142,30784
5/22/2012 0:00,5.1,2012,143,24682
5/23/2012 0:00,5.14,2012,144,24787
5/24/2012 0:00,5.12,2012,145,28547
5/25/2012 0:00,5.15,2012,146,25448
5/26/2012 0:00,5.1,2012,147,24910
5/27/2012 0:00,5.14,2012,148,28963
5/28/2012 0:00,5.14,2012,149,28205
5/29/2012 0:00,5.15,2012,150,30993
5/30/2012 0:00,5.13,2012,151,24384
5/31/2012 0:00,5.18,2012,152,19789
6/1/2012 0:00,5.27,2012,153,27385
6/2/2012 0:00,5.25,2012,154,12478
6/3/2012 0:00,5.21,2012,155,39738
6/4/2012 0:00,5.27,2012,156,42666
6/5/2012 0:00,5.44,2012,157,39149
6/6/2012 0:00,5.46,2012,158,20603
6/7/2012 0:00,5.59,2012,159,33404
6/8/2012 0:00,5.63,2012,160,21669
6/9/2012 0:00,5.56,2012,161,36020
6/10/2012 0:00,5.47,2012,162,41364
6/11/2012 0:00,5.57,2012,163,29197
6/12/2012 0:00,5.7,2012,164,26389
6/13/2012 0:00,5.93,2012,165,55441
6/14/2012 0:00,5.95,2012,166,63270
6/15/2012 0:00,6.5,2012,167,52807
6/16/2012 0:00,6.4,2012,168,41170
6/17/2012 0:00,6.16,2012,169,45237
6/18/2012 0:00,6.31,2012,170,35962
6/19/2012 0:00,6.5,2012,171,37865
6/20/2012 0:00,6.67,2012,172,31457
6/21/2012 0:00,6.68,2012,173,25127
6/22/2012 0:00,6.55,2012,174,22741
6/23/2012 0:00,6.43,2012,175,21365
6/24/2012 0:00,6.35,2012,176,22911
6/25/2012 0:00,6.3,2012,177,30535
6/26/2012 0:00,6.42,2012,178,31048
6/27/2012 0:00,6.65,2012,179,29657
6/28/2012 0:00,6.61,2012,180,25575
6/29/2012 0:00,6.65,2012,181,22450
6/30/2012 0:00,6.69,2012,182,23539
7/1/2012 0:00,6.63,2012,183,17318
7/2/2012 0:00,6.76,2012,184,26741
7/3/2012 0:00,6.45,2012,185,20831
7/4/2012 0:00,6.51,2012,186,23296
7/5/2012 0:00,6.67,2012,187,23156
7/6/2012 0:00,6.65,2012,188,25785
7/7/2012 0:00,6.76,2012,189,23097
7/8/2012 0:00,6.8,2012,190,22371
7/9/2012 0:00,7.02,2012,191,25928
7/10/2012 0:00,7.2,2012,192,38010
7/11/2012 0:00,7.15,2012,193,26953
7/12/2012 0:00,7.76,2012,194,23000
7/13/2012 0:00,7.67,2012,195,27849
7/14/2012 0:00,7.54,2012,196,19702
7/15/2012 0:00,7.62,2012,197,29098
7/16/2012 0:00,8.5,2012,198,32427
7/17/2012 0:00,8.8,2012,199,32794
7/18/2012 0:00,9.11,2012,200,33931
7/19/2012 0:00,8.87,2012,201,32844
7/20/2012 0:00,8.52,2012,202,35401
7/21/2012 0:00,8.85,2012,203,34335
7/22/2012 0:00,8.41,2012,204,35573
7/23/2012 0:00,8.45,2012,205,31664
7/24/2012 0:00,8.6,2012,206,29242
7/25/2012 0:00,8.8,2012,207,26591
7/26/2012 0:00,8.9,2012,208,30528
7/27/2012 0:00,8.9,2012,209,28467
7/28/2012 0:00,8.89,2012,210,32951
7/29/2012 0:00,8.71,2012,211,35886
7/30/2012 0:00,9.1,2012,212,35501
7/31/2012 0:00,9.35,2012,213,39241
8/1/2012 0:00,9.55,2012,214,31214
8/2/2012 0:00,10.53,2012,215,31065
8/3/2012 0:00,10.97,2012,216,27974
8/4/2012 0:00,10.98,2012,217,30817
8/5/2012 0:00,10.87,2012,218,32912
8/6/2012 0:00,10.86,2012,219,36648
8/7/2012 0:00,11.1,2012,220,28762
8/8/2012 0:00,11.06,2012,221,39789
8/9/2012 0:00,11.06,2012,222,29380
8/10/2012 0:00,11.39,2012,223,28394
8/11/2012 0:00,11.51,2012,224,34243
8/12/2012 0:00,11.62,2012,225,36568
8/13/2012 0:00,12.04,2012,226,48976
8/14/2012 0:00,12.19,2012,227,38401
8/15/2012 0:00,13.25,2012,228,50454
8/16/2012 0:00,13.5,2012,229,42999
8/17/2012 0:00,11.58,2012,230,42607
8/18/2012 0:00,11.61,2012,231,35939
8/19/2012 0:00,8,2012,232,37302
8/20/2012 0:00,10.1,2012,233,36793
8/21/2012 0:00,9.91,2012,234,42870
8/22/2012 0:00,9.81,2012,235,34551
8/23/2012 0:00,10.1,2012,236,31734
8/24/2012 0:00,10.6,2012,237,33301
8/25/2012 0:00,10.52,2012,238,31824
8/26/2012 0:00,10.61,2012,239,30942
8/27/2012 0:00,10.95,2012,240,32402
8/28/2012 0:00,10.94,2012,241,31062
8/29/2012 0:00,10.92,2012,242,32957
8/30/2012 0:00,10.78,2012,243,35838
8/31/2012 0:00,10.16,2012,244,41495
9/1/2012 0:00,9.97,2012,245,36543
9/2/2012 0:00,10.2,2012,246,37510
9/3/2012 0:00,10.53,2012,247,38365
9/4/2012 0:00,10.38,2012,248,37962
9/5/2012 0:00,11,2012,249,42464
9/6/2012 0:00,11.18,2012,250,41119
9/7/2012 0:00,11,2012,251,33686
9/8/2012 0:00,11.04,2012,252,30885
9/9/2012 0:00,11.02,2012,253,33149
9/10/2012 0:00,11.17,2012,254,32014
9/11/2012 0:00,11.33,2012,255,37955
9/12/2012 0:00,11.36,2012,256,26115
9/13/2012 0:00,11.4,2012,257,31992
9/14/2012 0:00,11.67,2012,258,35142
9/15/2012 0:00,11.75,2012,259,27509
9/16/2012 0:00,11.87,2012,260,26877
9/17/2012 0:00,11.89,2012,261,26822
9/18/2012 0:00,12.25,2012,262,31123
9/19/2012 0:00,12.57,2012,263,32191
9/20/2012 0:00,12.28,2012,264,31194
9/21/2012 0:00,12.37,2012,265,29572
9/22/2012 0:00,12.24,2012,266,21348
9/23/2012 0:00,12.19,2012,267,30003
9/24/2012 0:00,12.1,2012,268,26452
9/25/2012 0:00,12.2,2012,269,28587
9/26/2012 0:00,12.27,2012,270,30733
9/27/2012 0:00,12.31,2012,271,28300
9/28/2012 0:00,12.39,2012,272,33650
9/29/2012 0:00,12.36,2012,273,21542
9/30/2012 0:00,12.4,2012,274,20767
10/1/2012 0:00,12.4,2012,275,25989
10/2/2012 0:00,12.84,2012,276,33677
10/3/2012 0:00,12.89,2012,277,26374
10/4/2012 0:00,12.85,2012,278,34504
10/5/2012 0:00,12.69,2012,279,34657
10/6/2012 0:00,12.5,2012,280,31348
10/7/2012 0:00,11.8,2012,281,36288
10/8/2012 0:00,11.78,2012,282,39747
10/9/2012 0:00,11.89,2012,283,34007
10/10/2012 0:00,12.12,2012,284,31351
10/11/2012 0:00,12.03,2012,285,25591
10/12/2012 0:00,12,2012,286,30839
10/13/2012 0:00,11.86,2012,287,31122
10/14/2012 0:00,11.74,2012,288,29115
10/15/2012 0:00,11.84,2012,289,30373
10/16/2012 0:00,11.85,2012,290,34003
10/17/2012 0:00,11.81,2012,291,31780
10/18/2012 0:00,11.94,2012,292,27002
10/19/2012 0:00,11.74,2012,293,27984
10/20/2012 0:00,11.74,2012,294,35245
10/21/2012 0:00,11.63,2012,295,35332
10/22/2012 0:00,11.71,2012,296,45239
10/23/2012 0:00,11.65,2012,297,30349
10/24/2012 0:00,11.65,2012,298,31666
10/25/2012 0:00,10.86,2012,299,24519
10/26/2012 0:00,10.17,2012,300,21386
10/27/2012 0:00,10.26,2012,301,16443
10/28/2012 0:00,10.7,2012,302,18193
10/29/2012 0:00,10.6,2012,303,25305
10/30/2012 0:00,10.89,2012,304,30498
10/31/2012 0:00,11.2,2012,305,24699
11/1/2012 0:00,10.57,2012,306,26763
11/2/2012 0:00,10.47,2012,307,27026
11/3/2012 0:00,10.64,2012,308,23983
11/4/2012 0:00,10.8,2012,309,27454
11/5/2012 0:00,10.75,2012,310,30568
11/6/2012 0:00,10.9,2012,311,35293
11/7/2012 0:00,10.92,2012,312,33884
11/8/2012 0:00,10.92,2012,313,31733
11/9/2012 0:00,10.81,2012,314,25240
11/10/2012 0:00,10.89,2012,315,26307
11/11/2012 0:00,10.87,2012,316,23402
11/12/2012 0:00,11.01,2012,317,23222
11/13/2012 0:00,10.95,2012,318,30553
11/14/2012 0:00,10.95,2012,319,31994
11/15/2012 0:00,11.2,2012,320,35680
11/16/2012 0:00,11.75,2012,321,39433
11/17/2012 0:00,11.79,2012,322,32855
11/18/2012 0:00,11.65,2012,323,33514
11/19/2012 0:00,11.8,2012,324,37655
11/20/2012 0:00,11.73,2012,325,39158
11/21/2012 0:00,11.77,2012,326,36939
11/22/2012 0:00,12.42,2012,327,28784
11/23/2012 0:00,12.34,2012,328,31329
11/24/2012 0:00,12.41,2012,329,30886
11/25/2012 0:00,12.48,2012,330,38197
11/26/2012 0:00,12.25,2012,331,34668
11/27/2012 0:00,12.2,2012,332,28665
11/28/2012 0:00,12.35,2012,333,39288
11/29/2012 0:00,12.45,2012,334,34293
11/30/2012 0:00,12.56,2012,335,37051
12/1/2012 0:00,12.56,2012,336,23833
12/2/2012 0:00,12.5,2012,337,22275
12/3/2012 0:00,12.68,2012,338,23940
12/4/2012 0:00,13.41,2012,339,32248
12/5/2012 0:00,13.38,2012,340,33518
12/6/2012 0:00,13.3,2012,341,35701
12/7/2012 0:00,13.5,2012,342,32815
12/8/2012 0:00,13.42,2012,343,32891
12/9/2012 0:00,13.39,2012,344,37015
12/10/2012 0:00,13.43,2012,345,33944
12/11/2012 0:00,13.56,2012,346,38725
12/12/2012 0:00,13.7,2012,347,35066
12/13/2012 0:00,13.7,2012,348,42545
12/14/2012 0:00,13.6,2012,349,36282
12/15/2012 0:00,13.49,2012,350,31665
12/16/2012 0:00,13.3,2012,351,38746
12/17/2012 0:00,13.25,2012,352,42959
12/18/2012 0:00,13.3,2012,353,51195
12/19/2012 0:00,13.6,2012,354,39715
12/20/2012 0:00,13.52,2012,355,39124
12/21/2012 0:00,13.5,2012,356,44789
12/22/2012 0:00,13.37,2012,357,49848
12/23/2012 0:00,13.31,2012,358,36591
12/24/2012 0:00,13.38,2012,359,31364
12/25/2012 0:00,13.35,2012,360,33665
12/26/2012 0:00,13.47,2012,361,37695
12/27/2012 0:00,13.42,2012,362,45496
12/28/2012 0:00,13.42,2012,363,45381
12/29/2012 0:00,13.4,2012,364,37581
12/30/2012 0:00,13.45,2012,365,43472
1/1/2013 0:00,13.3,2013,1,35315
1/2/2013 0:00,13.28,2013,2,41858
1/3/2013 0:00,13.4,2013,3,43668
1/4/2013 0:00,13.5,2013,4,43311
1/5/2013 0:00,13.44,2013,5,39587
1/6/2013 0:00,13.45,2013,6,35080
1/7/2013 0:00,13.59,2013,7,39940
1/8/2013 0:00,13.74,2013,8,39933
1/9/2013 0:00,13.77,2013,9,45719
1/10/2013 0:00,14.14,2013,10,56100
1/11/2013 0:00,14.14,2013,11,46538
1/12/2013 0:00,14.24,2013,12,46680
1/13/2013 0:00,14.12,2013,13,47609
1/14/2013 0:00,14.3,2013,14,46016
1/15/2013 0:00,14.25,2013,15,44919
1/16/2013 0:00,14.73,2013,16,54031
1/17/2013 0:00,15.5,2013,17,48759
1/18/2013 0:00,15.7,2013,18,55689
1/19/2013 0:00,15.61,2013,19,44740
1/20/2013 0:00,15.7,2013,20,45583
1/21/2013 0:00,16.8,2013,21,38464
1/22/2013 0:00,17.26,2013,22,46672
1/23/2013 0:00,17.5,2013,23,47283
1/24/2013 0:00,16.9,2013,24,45069
1/25/2013 0:00,17.4,2013,25,47737
1/26/2013 0:00,17.88,2013,26,53862
1/27/2013 0:00,17.82,2013,27,55909
1/28/2013 0:00,18.72,2013,28,51933
1/29/2013 0:00,19.53,2013,29,49356
1/30/2013 0:00,19.7,2013,30,41127
1/31/2013 0:00,20.41,2013,31,51274
2/1/2013 0:00,20.5,2013,32,63457
2/2/2013 0:00,19.63,2013,33,53737
2/3/2013 0:00,20.59,2013,34,57712
2/4/2013 0:00,20.43,2013,35,60034
2/5/2013 0:00,20.6,2013,36,47575
2/6/2013 0:00,21.18,2013,37,46503
2/7/2013 0:00,22.15,2013,38,63085
2/8/2013 0:00,22.66,2013,39,56810
2/9/2013 0:00,23.65,2013,40,58477
2/10/2013 0:00,23.97,2013,41,62002
2/11/2013 0:00,24.65,2013,42,54187
2/12/2013 0:00,25.17,2013,43,57179
2/13/2013 0:00,24.2,2013,44,58706
2/14/2013 0:00,27.22,2013,45,52928
2/15/2013 0:00,27.1,2013,46,53511
2/16/2013 0:00,27.22,2013,47,51523
2/17/2013 0:00,26.81,2013,48,50148
2/18/2013 0:00,26.95,2013,49,51650
2/19/2013 0:00,29.42,2013,50,54189
2/20/2013 0:00,29.64,2013,51,58205
2/21/2013 0:00,29.75,2013,52,56882
2/22/2013 0:00,30.25,2013,53,63627
2/23/2013 0:00,29.8,2013,54,57378
2/24/2013 0:00,29.89,2013,55,62391
2/25/2013 0:00,30.4,2013,56,64091
2/26/2013 0:00,31.1,2013,57,65726
2/27/2013 0:00,30.9,2013,58,56956
2/28/2013 0:00,33.38,2013,59,66515
3/1/2013 0:00,34.5,2013,60,63688
3/2/2013 0:00,34.25,2013,61,51994
3/3/2013 0:00,34.5,2013,62,56135
3/4/2013 0:00,36.15,2013,63,60425
3/5/2013 0:00,40.33,2013,64,61386
3/6/2013 0:00,41.02,2013,65,60040
3/7/2013 0:00,42,2013,66,69598
3/8/2013 0:00,44.18,2013,67,47009
3/9/2013 0:00,46.85,2013,68,64969
3/10/2013 0:00,46,2013,69,67494
3/11/2013 0:00,48.4,2013,70,53113
3/12/2013 0:00,44.29,2013,71,56544
3/13/2013 0:00,46.92,2013,72,58001
3/14/2013 0:00,47.17,2013,73,57511
3/15/2013 0:00,46.95,2013,74,57997
3/16/2013 0:00,47,2013,75,32504
3/17/2013 0:00,47.4,2013,76,36800
3/18/2013 0:00,51.6,2013,77,46299
3/19/2013 0:00,59.14,2013,78,42338
3/20/2013 0:00,64.49,2013,79,48955
3/21/2013 0:00,70.85,2013,80,57321
3/22/2013 0:00,69.86,2013,81,61385
3/23/2013 0:00,64.35,2013,82,52459
3/24/2013 0:00,71.5,2013,83,51681
3/25/2013 0:00,73.6,2013,84,46176
3/26/2013 0:00,78.5,2013,85,49420
3/27/2013 0:00,88.92,2013,86,52567
3/28/2013 0:00,86.18,2013,87,65502
3/29/2013 0:00,90.5,2013,88,62731
3/30/2013 0:00,92.19,2013,89,53851
3/31/2013 0:00,93.03,2013,90,45196
4/1/2013 0:00,104,2013,91,56773
4/2/2013 0:00,117.98,2013,92,62887
4/3/2013 0:00,135,2013,93,64302
4/4/2013 0:00,132.12,2013,94,65575
4/5/2013 0:00,142.32,2013,95,59941
4/6/2013 0:00,142.63,2013,96,55973
4/7/2013 0:00,162.3,2013,97,56731
4/8/2013 0:00,187.5,2013,98,68763
4/9/2013 0:00,230,2013,99,66531
4/10/2013 0:00,165,2013,100,65136
4/11/2013 0:00,124.9,2013,101,64464
4/12/2013 0:00,117,2013,102,57087
4/13/2013 0:00,93,2013,103,51748
4/14/2013 0:00,90,2013,104,56177
4/15/2013 0:00,82.39,2013,105,61716
4/16/2013 0:00,68.36,2013,106,61352
4/17/2013 0:00,93.07,2013,107,56662
4/18/2013 0:00,109.01,2013,108,48683
4/19/2013 0:00,118.48,2013,109,56514
4/20/2013 0:00,126.62,2013,110,48518
4/21/2013 0:00,119.2,2013,111,42455
4/22/2013 0:00,127.4,2013,112,51897
4/23/2013 0:00,143.47,2013,113,62025
4/24/2013 0:00,154.2,2013,114,64435
4/25/2013 0:00,141.71,2013,115,60450
4/26/2013 0:00,136.9,2013,116,54420
4/27/2013 0:00,128,2013,117,42474
4/28/2013 0:00,134.44,2013,118,43478
4/29/2013 0:00,144,2013,119,52790
4/30/2013 0:00,139.23,2013,120,47699
5/1/2013 0:00,116.38,2013,121,55925
5/2/2013 0:00,106.25,2013,122,53739
5/3/2013 0:00,98.1,2013,123,50172
5/4/2013 0:00,112.9,2013,124,48868
5/5/2013 0:00,115.98,2013,125,52619
5/6/2013 0:00,112.25,2013,126,54409
5/7/2013 0:00,109.6,2013,127,55323
5/8/2013 0:00,113.2,2013,128,55317
5/9/2013 0:00,112.8,2013,129,66783
5/10/2013 0:00,117.7,2013,130,68790
5/11/2013 0:00,115.64,2013,131,73978
5/12/2013 0:00,114.82,2013,132,62180
5/13/2013 0:00,117.98,2013,133,62717
5/14/2013 0:00,111.4,2013,134,66832
5/15/2013 0:00,114.22,2013,135,63656
5/16/2013 0:00,118.21,2013,136,58574
5/17/2013 0:00,123.5,2013,137,58323
5/18/2013 0:00,123.21,2013,138,50588
5/19/2013 0:00,122.5,2013,139,48307
5/20/2013 0:00,122.02,2013,140,49504
5/21/2013 0:00,122.89,2013,141,54740
5/22/2013 0:00,123.8,2013,142,51627
5/23/2013 0:00,126.3,2013,143,60026
5/24/2013 0:00,133.1,2013,144,55920
5/25/2013 0:00,131.99,2013,145,47859
5/26/2013 0:00,133.5,2013,146,42767
5/27/2013 0:00,129.77,2013,147,52291
5/28/2013 0:00,129,2013,148,57353
5/29/2013 0:00,132.25,2013,149,56303
5/30/2013 0:00,128.8,2013,150,57063
5/31/2013 0:00,128.82,2013,151,54442
6/1/2013 0:00,129.3,2013,152,51690
6/2/2013 0:00,122.5,2013,153,50712
6/3/2013 0:00,120.74,2013,154,56158
6/4/2013 0:00,121.4,2013,155,58687
6/5/2013 0:00,121.9,2013,156,56405
6/6/2013 0:00,118.97,2013,157,52993
6/7/2013 0:00,111,2013,158,51415
6/8/2013 0:00,107.89,2013,159,46754
6/9/2013 0:00,100.44,2013,160,46445
6/10/2013 0:00,106.35,2013,161,45966
6/11/2013 0:00,109,2013,162,49369
6/12/2013 0:00,108.78,2013,163,43849
6/13/2013 0:00,103.95,2013,164,45696
6/14/2013 0:00,100,2013,165,47369
6/15/2013 0:00,99.8,2013,166,35299
6/16/2013 0:00,99.9,2013,167,43625
6/17/2013 0:00,101.95,2013,168,48017
6/18/2013 0:00,107.35,2013,169,46185
6/19/2013 0:00,108.25,2013,170,46518
6/20/2013 0:00,111.29,2013,171,52929
6/21/2013 0:00,109.5,2013,172,45098
6/22/2013 0:00,108.2,2013,173,44857
6/23/2013 0:00,107.9,2013,174,38143
6/24/2013 0:00,102.09,2013,175,44631
6/25/2013 0:00,103.33,2013,176,45393
6/26/2013 0:00,104,2013,177,48949
6/27/2013 0:00,101.74,2013,178,42909
6/28/2013 0:00,94.66,2013,179,47616
6/29/2013 0:00,95,2013,180,35282
6/30/2013 0:00,97.51,2013,181,31435
7/1/2013 0:00,84.61,2013,182,42122
7/2/2013 0:00,87.66,2013,183,37630
7/3/2013 0:00,76.89,2013,184,34175
7/4/2013 0:00,77.68,2013,185,34898
7/5/2013 0:00,66.34,2013,186,38465
7/6/2013 0:00,66.85,2013,187,32351
7/7/2013 0:00,72.51,2013,188,31911
7/8/2013 0:00,74.56,2013,189,39565
7/9/2013 0:00,74.22,2013,190,40996
7/10/2013 0:00,84.51,2013,191,39430
7/11/2013 0:00,91.22,2013,192,46052
7/12/2013 0:00,88.46,2013,193,47777
7/13/2013 0:00,91.39,2013,194,37528
7/14/2013 0:00,90.37,2013,195,32114
7/15/2013 0:00,93.14,2013,196,38391
7/16/2013 0:00,92.74,2013,197,38666
7/17/2013 0:00,90.54,2013,198,40933
7/18/2013 0:00,85.43,2013,199,40780
7/19/2013 0:00,85.78,2013,200,36194
7/20/2013 0:00,85.67,2013,201,34718
7/21/2013 0:00,85.47,2013,202,34133
7/22/2013 0:00,86.09,2013,203,41960
7/23/2013 0:00,86.94,2013,204,37251
7/24/2013 0:00,87.46,2013,205,44568
7/25/2013 0:00,89.41,2013,206,40189
7/26/2013 0:00,90.63,2013,207,38861
7/27/2013 0:00,89.1,2013,208,34593
7/28/2013 0:00,92.1,2013,209,38829
7/29/2013 0:00,93.3,2013,210,41073
7/30/2013 0:00,96.31,2013,211,46654
7/31/2013 0:00,97.91,2013,212,47829
8/1/2013 0:00,96.42,2013,213,51276
8/2/2013 0:00,97.24,2013,214,51207
8/3/2013 0:00,96.66,2013,215,43622
8/4/2013 0:00,96.6,2013,216,43452
8/5/2013 0:00,96.92,2013,217,53280
8/6/2013 0:00,97.13,2013,218,55616
8/7/2013 0:00,96.92,2013,219,54961
8/8/2013 0:00,94.77,2013,220,59979
8/9/2013 0:00,93.36,2013,221,52946
8/10/2013 0:00,93.29,2013,222,46190
8/11/2013 0:00,94.16,2013,223,38455
8/12/2013 0:00,95.08,2013,224,51753
8/13/2013 0:00,97.9,2013,225,51984
8/14/2013 0:00,97.96,2013,226,54621
8/15/2013 0:00,97.54,2013,227,54060
8/16/2013 0:00,98.33,2013,228,73338
8/17/2013 0:00,99.56,2013,229,57334
8/18/2013 0:00,98.84,2013,230,56359
8/19/2013 0:00,102.3,2013,231,72441
8/20/2013 0:00,105.01,2013,232,64632
8/21/2013 0:00,111.44,2013,233,57961
8/22/2013 0:00,109.73,2013,234,67532
8/23/2013 0:00,107.55,2013,235,55125
8/24/2013 0:00,108.69,2013,236,47176
8/25/2013 0:00,111.79,2013,237,49261
8/26/2013 0:00,112.23,2013,238,54858
8/27/2013 0:00,117.45,2013,239,65194
8/28/2013 0:00,117.59,2013,240,62921
8/29/2013 0:00,117.52,2013,241,61483
8/30/2013 0:00,123.23,2013,242,59189
8/31/2013 0:00,129.46,2013,243,46025
9/1/2013 0:00,128.26,2013,244,45528
9/2/2013 0:00,127.36,2013,245,53993
9/3/2013 0:00,127.59,2013,246,51862
9/4/2013 0:00,120.57,2013,247,54516
9/5/2013 0:00,120.53,2013,248,61704
9/6/2013 0:00,116.32,2013,249,57183
9/7/2013 0:00,119.05,2013,250,51293
9/8/2013 0:00,116.59,2013,251,49304
9/9/2013 0:00,120.02,2013,252,57067
9/10/2013 0:00,121.46,2013,253,52416
9/11/2013 0:00,125.45,2013,254,47783
9/12/2013 0:00,125.76,2013,255,52778
9/13/2013 0:00,126.51,2013,256,45083
9/14/2013 0:00,124.08,2013,257,43582
9/15/2013 0:00,124.58,2013,258,55854
9/16/2013 0:00,125.06,2013,259,54567
9/17/2013 0:00,125.97,2013,260,65817
9/18/2013 0:00,126.3,2013,261,59230
9/19/2013 0:00,124.19,2013,262,59842
9/20/2013 0:00,122.9,2013,263,57974
9/21/2013 0:00,122.64,2013,264,50154
9/22/2013 0:00,122.65,2013,265,53880
9/23/2013 0:00,122.22,2013,266,67288
9/24/2013 0:00,122.54,2013,267,60145
9/25/2013 0:00,123.42,2013,268,55138
9/26/2013 0:00,123.48,2013,269,56106
9/27/2013 0:00,123.5,2013,270,44353
9/28/2013 0:00,124.75,2013,271,44335
9/29/2013 0:00,125.18,2013,272,38412
9/30/2013 0:00,123.1,2013,273,51577
10/1/2013 0:00,125.49,2013,274,57978
10/2/2013 0:00,99.81,2013,275,62184
10/3/2013 0:00,116.82,2013,276,57953
10/4/2013 0:00,121.29,2013,277,49604
10/5/2013 0:00,121.14,2013,278,45955
10/6/2013 0:00,121.68,2013,279,41570
10/7/2013 0:00,123.24,2013,280,45688
10/8/2013 0:00,124.32,2013,281,45952
10/9/2013 0:00,125.84,2013,282,53332
10/10/2013 0:00,125.7,2013,283,55843
10/11/2013 0:00,125.51,2013,284,50265
10/12/2013 0:00,126.52,2013,285,50161
10/13/2013 0:00,130.42,2013,286,52014
10/14/2013 0:00,133.04,2013,287,56882
10/15/2013 0:00,138.64,2013,288,56777
10/16/2013 0:00,137.42,2013,289,47614
10/17/2013 0:00,142.73,2013,290,52602
10/18/2013 0:00,149.59,2013,291,57181
10/19/2013 0:00,159.81,2013,292,53564
10/20/2013 0:00,163.06,2013,293,53086
10/21/2013 0:00,174.18,2013,294,59309
10/22/2013 0:00,183.86,2013,295,63488
10/23/2013 0:00,200.62,2013,296,57593
10/24/2013 0:00,183.15,2013,297,62920
10/25/2013 0:00,178.12,2013,298,55753
10/26/2013 0:00,175.9,2013,299,46867
10/27/2013 0:00,185.69,2013,300,44599
10/28/2013 0:00,187.87,2013,301,50347
10/29/2013 0:00,198.19,2013,302,50563
10/30/2013 0:00,194.55,2013,303,50123
10/31/2013 0:00,198.23,2013,304,55819
11/1/2013 0:00,198.51,2013,305,44006
11/2/2013 0:00,200.85,2013,306,39422
11/3/2013 0:00,207.63,2013,307,36952
11/4/2013 0:00,225.2,2013,308,48694
11/5/2013 0:00,239.29,2013,309,52960
11/6/2013 0:00,253.69,2013,310,55618
11/7/2013 0:00,283.3,2013,311,62458
11/8/2013 0:00,323.77,2013,312,58450
11/9/2013 0:00,336.14,2013,313,53855
11/10/2013 0:00,311.9,2013,314,55707
11/11/2013 0:00,332.63,2013,315,58602
11/12/2013 0:00,349.34,2013,316,60032
11/13/2013 0:00,393.28,2013,317,69206
11/14/2013 0:00,410.72,2013,318,65035
11/15/2013 0:00,409.17,2013,319,58641
11/16/2013 0:00,428.82,2013,320,44964
11/17/2013 0:00,476.29,2013,321,58904
11/18/2013 0:00,674.38,2013,322,85687
11/19/2013 0:00,541.83,2013,323,87161
11/20/2013 0:00,572.67,2013,324,74583
11/21/2013 0:00,695.87,2013,325,73079
11/22/2013 0:00,747.48,2013,326,80892
11/23/2013 0:00,776.7,2013,327,65293
11/24/2013 0:00,751.38,2013,328,62005
11/25/2013 0:00,778.68,2013,329,75067
11/26/2013 0:00,899.2,2013,330,86863
11/27/2013 0:00,948.41,2013,331,98244
11/28/2013 0:00,1037.75,2013,332,93608
11/29/2013 0:00,1120.4,2013,333,91271
11/30/2013 0:00,1124.76,2013,334,71935
12/1/2013 0:00,946.92,2013,335,71213
12/2/2013 0:00,1038.35,2013,336,78263
12/3/2013 0:00,1068.67,2013,337,78865
12/4/2013 0:00,1147.25,2013,338,80105
12/5/2013 0:00,1042.03,2013,339,79569
12/6/2013 0:00,834.03,2013,340,74888
12/7/2013 0:00,694.47,2013,341,59273
12/8/2013 0:00,795.4,2013,342,49116
12/9/2013 0:00,898.02,2013,343,67829
12/10/2013 0:00,990,2013,344,68183
12/11/2013 0:00,883.26,2013,345,63920
12/12/2013 0:00,875.75,2013,346,58511
12/13/2013 0:00,898.21,2013,347,59230
12/14/2013 0:00,867.49,2013,348,52935
12/15/2013 0:00,879.47,2013,349,54268
12/16/2013 0:00,712.51,2013,350,72156
12/17/2013 0:00,683.84,2013,351,67680
12/18/2013 0:00,522.23,2013,352,81030
12/19/2013 0:00,698.45,2013,353,70202
12/20/2013 0:00,622.84,2013,354,65596
12/21/2013 0:00,608.96,2013,355,51977
12/22/2013 0:00,617.82,2013,356,52276
12/23/2013 0:00,673.17,2013,357,56668
12/24/2013 0:00,667.62,2013,358,56442
12/25/2013 0:00,687.36,2013,359,51831
12/26/2013 0:00,765.21,2013,360,52099
12/27/2013 0:00,746.72,2013,361,52164
12/28/2013 0:00,730.47,2013,362,48438
12/29/2013 0:00,745.07,2013,363,51985
12/30/2013 0:00,754.76,2013,364,56528
12/31/2013 0:00,757.5,2013,365,45032
1/1/2014 0:00,770.44,2014,1,44164
1/2/2014 0:00,808.05,2014,2,57382
1/3/2014 0:00,830.02,2014,3,60101
1/4/2014 0:00,858.98,2014,4,52934
1/5/2014 0:00,940.1,2014,5,60463
1/6/2014 0:00,951.39,2014,6,66702
1/7/2014 0:00,810.58,2014,7,63927
1/8/2014 0:00,859.95,2014,8,59443
1/9/2014 0:00,860.89,2014,9,58278
1/10/2014 0:00,884.67,2014,10,56654
1/11/2014 0:00,930.9,2014,11,52269
1/12/2014 0:00,873.26,2014,12,50024
1/13/2014 0:00,857.96,2014,13,56227
1/14/2014 0:00,851.83,2014,14,56557
1/15/2014 0:00,874.71,2014,15,61880
1/16/2014 0:00,847.37,2014,16,56508
1/17/2014 0:00,828.22,2014,17,58292
1/18/2014 0:00,843.76,2014,18,50350
1/19/2014 0:00,878.68,2014,19,50957
1/20/2014 0:00,871.05,2014,20,66875
1/21/2014 0:00,874.29,2014,21,70303
1/22/2014 0:00,863.95,2014,22,64325
1/23/2014 0:00,854.35,2014,23,66356
1/24/2014 0:00,825.12,2014,24,62130
1/25/2014 0:00,861.85,2014,25,51594
1/26/2014 0:00,880.15,2014,26,55995
1/27/2014 0:00,814.53,2014,27,66185
1/28/2014 0:00,833.94,2014,28,64789
1/29/2014 0:00,837.51,2014,29,60357
1/30/2014 0:00,845.85,2014,30,61258
1/31/2014 0:00,848.29,2014,31,58853
2/1/2014 0:00,853.02,2014,32,54097
2/2/2014 0:00,854.37,2014,33,51666
2/3/2014 0:00,846.9,2014,34,61091
2/4/2014 0:00,842.01,2014,35,69189
2/5/2014 0:00,820.87,2014,36,67406
2/6/2014 0:00,783.62,2014,37,71268
2/7/2014 0:00,703.57,2014,38,69657
2/8/2014 0:00,676.91,2014,39,62128
2/9/2014 0:00,681.94,2014,40,58869
2/10/2014 0:00,679.73,2014,41,64628
2/11/2014 0:00,669.44,2014,42,68748
2/12/2014 0:00,648.38,2014,43,62915
2/13/2014 0:00,598.41,2014,44,69357
2/14/2014 0:00,656.61,2014,45,73864
2/15/2014 0:00,645.43,2014,46,58314
2/16/2014 0:00,610.65,2014,47,58375
2/17/2014 0:00,621.49,2014,48,61151
2/18/2014 0:00,621.22,2014,49,68321
2/19/2014 0:00,617.71,2014,50,69774
2/20/2014 0:00,552.21,2014,51,73402
2/21/2014 0:00,569.04,2014,52,65063
2/22/2014 0:00,604.75,2014,53,58092
2/23/2014 0:00,604.58,2014,54,60971
2/24/2014 0:00,545.32,2014,55,80156
2/25/2014 0:00,534.71,2014,56,76988
2/26/2014 0:00,577.09,2014,57,72439
2/27/2014 0:00,576.7,2014,58,70563
2/28/2014 0:00,543.93,2014,59,70386
3/1/2014 0:00,563.74,2014,60,60258
3/2/2014 0:00,560.3,2014,61,60517
3/3/2014 0:00,661.12,2014,62,84966
3/4/2014 0:00,663.6,2014,63,79982
3/5/2014 0:00,661.79,2014,64,72878
3/6/2014 0:00,658.72,2014,65,69026
3/7/2014 0:00,625.83,2014,66,74140
3/8/2014 0:00,615.24,2014,67,62027
3/9/2014 0:00,633.18,2014,68,60104
3/10/2014 0:00,625.83,2014,69,73351
3/11/2014 0:00,628.95,2014,70,76873
3/12/2014 0:00,631.39,2014,71,74026
3/13/2014 0:00,638.16,2014,72,71512
3/14/2014 0:00,626.71,2014,73,72071
3/15/2014 0:00,633.67,2014,74,57691
3/16/2014 0:00,630.72,2014,75,61194
3/17/2014 0:00,621.22,2014,76,66245
3/18/2014 0:00,613.63,2014,77,53512
3/19/2014 0:00,608.82,2014,78,75934
3/20/2014 0:00,586.59,2014,79,71333
3/21/2014 0:00,570.77,2014,80,70598
3/22/2014 0:00,564.42,2014,81,65972
3/23/2014 0:00,561.35,2014,82,59848
3/24/2014 0:00,586.27,2014,83,71433
3/25/2014 0:00,582.28,2014,84,72395
3/26/2014 0:00,579.07,2014,85,68998
3/27/2014 0:00,478.16,2014,86,71660
3/28/2014 0:00,502.44,2014,87,61632
3/29/2014 0:00,493.18,2014,88,52597
3/30/2014 0:00,461.87,2014,89,59862
3/31/2014 0:00,458.5,2014,90,64161
4/1/2014 0:00,478.72,2014,91,64711
4/2/2014 0:00,437.51,2014,92,66268
4/3/2014 0:00,447.08,2014,93,69069
4/4/2014 0:00,448.88,2014,94,65579
4/5/2014 0:00,464.83,2014,95,51804
4/6/2014 0:00,460.7,2014,96,52443
4/7/2014 0:00,446.22,2014,97,66667
4/8/2014 0:00,450.46,2014,98,67638
4/9/2014 0:00,440.2,2014,99,63964
4/10/2014 0:00,360.84,2014,100,70980
4/11/2014 0:00,420.06,2014,101,61386
4/12/2014 0:00,420.66,2014,102,47767
4/13/2014 0:00,414.95,2014,103,52209
4/14/2014 0:00,457.63,2014,104,73160
4/15/2014 0:00,520.12,2014,105,73511
4/16/2014 0:00,529.16,2014,106,66928
4/17/2014 0:00,494.4,2014,107,64067
4/18/2014 0:00,478.23,2014,108,56238
4/19/2014 0:00,501.55,2014,109,52731
4/20/2014 0:00,497.32,2014,110,49953
4/21/2014 0:00,493.09,2014,111,63305
4/22/2014 0:00,484.43,2014,112,74422
4/23/2014 0:00,486.93,2014,113,78928
4/24/2014 0:00,500.26,2014,114,70634
4/25/2014 0:00,459.61,2014,115,69135
4/26/2014 0:00,456.14,2014,116,49884
4/27/2014 0:00,429.65,2014,117,55855
4/28/2014 0:00,437.06,2014,118,64408
4/29/2014 0:00,444.25,2014,119,63284
4/30/2014 0:00,445.87,2014,120,65063
5/1/2014 0:00,456.27,2014,121,60306
5/2/2014 0:00,446.64,2014,122,57914
5/3/2014 0:00,436.94,2014,123,53915
5/4/2014 0:00,434.06,2014,124,54214
5/5/2014 0:00,429.72,2014,125,71257
5/6/2014 0:00,426.99,2014,126,73883
5/7/2014 0:00,436.96,2014,127,69866
5/8/2014 0:00,435.34,2014,128,67783
5/9/2014 0:00,448.23,2014,129,65522
5/10/2014 0:00,452.71,2014,130,55010
5/11/2014 0:00,436.54,2014,131,57243
5/12/2014 0:00,438.43,2014,132,73845
5/13/2014 0:00,437.41,2014,133,67344
5/14/2014 0:00,441.75,2014,134,71771
5/15/2014 0:00,444.32,2014,135,74218
5/16/2014 0:00,445.01,2014,136,61906
5/17/2014 0:00,446.36,2014,137,53325
5/18/2014 0:00,444.81,2014,138,50629
5/19/2014 0:00,444.31,2014,139,66892
5/20/2014 0:00,485.83,2014,140,73121
5/21/2014 0:00,489.16,2014,141,68993
5/22/2014 0:00,526.06,2014,142,73851
5/23/2014 0:00,519.04,2014,143,68504
5/24/2014 0:00,525.63,2014,144,51438
5/25/2014 0:00,570.09,2014,145,60932
5/26/2014 0:00,581.83,2014,146,67165
5/27/2014 0:00,569.63,2014,147,70724
5/28/2014 0:00,574.45,2014,148,70944
5/29/2014 0:00,565.51,2014,149,62482
5/30/2014 0:00,616.47,2014,150,63471
5/31/2014 0:00,623.26,2014,151,52463
6/1/2014 0:00,629.02,2014,152,55960
6/2/2014 0:00,658.79,2014,153,67587
6/3/2014 0:00,665.73,2014,154,68753
6/4/2014 0:00,636.78,2014,155,65118
6/5/2014 0:00,656.06,2014,156,67604
6/6/2014 0:00,645.56,2014,157,59490
6/7/2014 0:00,652.71,2014,158,48490
6/8/2014 0:00,653.64,2014,159,50625
6/9/2014 0:00,645.34,2014,160,61054
6/10/2014 0:00,649.81,2014,161,62231
6/11/2014 0:00,627.91,2014,162,63760
6/12/2014 0:00,581.8,2014,163,64569
6/13/2014 0:00,597.43,2014,164,64430
6/14/2014 0:00,571.69,2014,165,53634
6/15/2014 0:00,591.97,2014,166,55947
6/16/2014 0:00,588.06,2014,167,68576
6/17/2014 0:00,607.34,2014,168,68154
6/18/2014 0:00,604.88,2014,169,64532
6/19/2014 0:00,592.26,2014,170,61102
6/20/2014 0:00,588.52,2014,171,56808
6/21/2014 0:00,591.03,2014,172,51093
6/22/2014 0:00,598.88,2014,173,50439
6/23/2014 0:00,587.46,2014,174,61593
6/24/2014 0:00,575.07,2014,175,65455
6/25/2014 0:00,562.13,2014,176,63721
6/26/2014 0:00,579.38,2014,177,60959
6/27/2014 0:00,600.86,2014,178,62663
6/28/2014 0:00,591.99,2014,179,51497
6/29/2014 0:00,598.6,2014,180,53170
6/30/2014 0:00,639.36,2014,181,71180
7/1/2014 0:00,635.59,2014,182,70524
7/2/2014 0:00,647.34,2014,183,64914
7/3/2014 0:00,640.69,2014,184,62463
7/4/2014 0:00,626.96,2014,185,55757
7/5/2014 0:00,628.33,2014,186,50772
7/6/2014 0:00,631.71,2014,187,53335
7/7/2014 0:00,617.99,2014,188,67737
7/8/2014 0:00,620.22,2014,189,71340
7/9/2014 0:00,620.55,2014,190,64773
7/10/2014 0:00,615.11,2014,191,64822
7/11/2014 0:00,631.18,2014,192,58125
7/12/2014 0:00,634.48,2014,193,53042
7/13/2014 0:00,627.58,2014,194,53369
7/14/2014 0:00,618.38,2014,195,64444
7/15/2014 0:00,619.36,2014,196,71790
7/16/2014 0:00,615.2,2014,197,66960
7/17/2014 0:00,622.62,2014,198,65374
7/18/2014 0:00,628.22,2014,199,62976
7/19/2014 0:00,625.8,2014,200,57435
7/20/2014 0:00,621.37,2014,201,53549
7/21/2014 0:00,620.01,2014,202,65730
7/22/2014 0:00,618.81,2014,203,67559
7/23/2014 0:00,617.93,2014,204,66630
7/24/2014 0:00,600.01,2014,205,65241
7/25/2014 0:00,599.93,2014,206,61327
7/26/2014 0:00,593.85,2014,207,56204
7/27/2014 0:00,590.95,2014,208,52622
7/28/2014 0:00,584.69,2014,209,64453
7/29/2014 0:00,582.2,2014,210,63203
7/30/2014 0:00,564.37,2014,211,66557
7/31/2014 0:00,581.35,2014,212,68497
8/1/2014 0:00,595.08,2014,213,66625
8/2/2014 0:00,587.29,2014,214,54189
8/3/2014 0:00,585.51,2014,215,54843
8/4/2014 0:00,586.76,2014,216,70294
8/5/2014 0:00,583.11,2014,217,75527
8/6/2014 0:00,583.04,2014,218,75923
8/7/2014 0:00,587.4,2014,219,71321
8/8/2014 0:00,590.53,2014,220,66583
8/9/2014 0:00,588.09,2014,221,58684
8/10/2014 0:00,589.45,2014,222,60195
8/11/2014 0:00,573.31,2014,223,77507
8/12/2014 0:00,568.21,2014,224,77009
8/13/2014 0:00,544.57,2014,225,77401
8/14/2014 0:00,508.55,2014,226,76262
8/15/2014 0:00,496.62,2014,227,78954
8/16/2014 0:00,519.83,2014,228,61437
8/17/2014 0:00,492.95,2014,229,59986
8/18/2014 0:00,460.67,2014,230,75005
8/19/2014 0:00,486.74,2014,231,73269
8/20/2014 0:00,511.93,2014,232,75080
8/21/2014 0:00,516.16,2014,233,71909
8/22/2014 0:00,513.94,2014,234,65646
8/23/2014 0:00,497.22,2014,235,56523
8/24/2014 0:00,508.57,2014,236,56808
8/25/2014 0:00,501.63,2014,237,72929
8/26/2014 0:00,513.47,2014,238,72154
8/27/2014 0:00,510.43,2014,239,73629
8/28/2014 0:00,507.02,2014,240,68970
8/29/2014 0:00,508.42,2014,241,67515
8/30/2014 0:00,501.2,2014,242,58758
8/31/2014 0:00,478.07,2014,243,60281
9/1/2014 0:00,474.13,2014,244,72311
9/2/2014 0:00,475.32,2014,245,70640
9/3/2014 0:00,474.54,2014,246,73411
9/4/2014 0:00,489.09,2014,247,69829
9/5/2014 0:00,480.5,2014,248,66561
9/6/2014 0:00,482.24,2014,249,62428
9/7/2014 0:00,479.48,2014,250,61834
9/8/2014 0:00,472.15,2014,251,80585
9/9/2014 0:00,471.56,2014,252,80197
9/10/2014 0:00,477.53,2014,253,70122
9/11/2014 0:00,476.33,2014,254,65471
9/12/2014 0:00,473.83,2014,255,67929
9/13/2014 0:00,477.09,2014,256,62634
9/14/2014 0:00,474.71,2014,257,68431
9/15/2014 0:00,471.36,2014,258,86565
9/16/2014 0:00,463.74,2014,259,80515
9/17/2014 0:00,454.91,2014,260,79671
9/18/2014 0:00,421.46,2014,261,76068
9/19/2014 0:00,391.94,2014,262,67835
9/20/2014 0:00,406.82,2014,263,62946
9/21/2014 0:00,396.57,2014,264,61213
9/22/2014 0:00,398.89,2014,265,73641
9/23/2014 0:00,435.38,2014,266,77698
9/24/2014 0:00,422.3,2014,267,76820
9/25/2014 0:00,408.8,2014,268,77193
9/26/2014 0:00,401.92,2014,269,73021
9/27/2014 0:00,398.36,2014,270,61552
9/28/2014 0:00,376.2,2014,271,64351
9/29/2014 0:00,374.73,2014,272,78456
9/30/2014 0:00,386.27,2014,273,79945
10/1/2014 0:00,381.33,2014,274,76010
10/2/2014 0:00,371.99,2014,275,69285
10/3/2014 0:00,356.56,2014,276,78069
10/4/2014 0:00,325.49,2014,277,65416
10/5/2014 0:00,319.64,2014,278,68024
10/6/2014 0:00,328.46,2014,279,79972
10/7/2014 0:00,334.09,2014,280,78285
10/8/2014 0:00,352.79,2014,281,79653
10/9/2014 0:00,363.78,2014,282,82417
10/10/2014 0:00,358.69,2014,283,78159
10/11/2014 0:00,359.2,2014,284,62268
10/12/2014 0:00,376.19,2014,285,67165
10/13/2014 0:00,388.38,2014,286,79477
10/14/2014 0:00,398.71,2014,287,82465
10/15/2014 0:00,391.84,2014,288,74727
10/16/2014 0:00,380.08,2014,289,75856
10/17/2014 0:00,380.42,2014,290,68847
10/18/2014 0:00,388.96,2014,291,64858
10/19/2014 0:00,386.59,2014,292,69609
10/20/2014 0:00,379.37,2014,293,82949
10/21/2014 0:00,382.38,2014,294,79021
10/22/2014 0:00,379.1,2014,295,80087
10/23/2014 0:00,355.86,2014,296,80927
10/24/2014 0:00,355.17,2014,297,76172
10/25/2014 0:00,346.11,2014,298,71588
10/26/2014 0:00,351.54,2014,299,72220
10/27/2014 0:00,348.96,2014,300,86588
10/28/2014 0:00,351.9,2014,301,90127
10/29/2014 0:00,333.38,2014,302,93857
10/30/2014 0:00,343.78,2014,303,90619
10/31/2014 0:00,336.8,2014,304,81536
11/1/2014 0:00,325.39,2014,305,71137
11/2/2014 0:00,323.74,2014,306,82351
11/3/2014 0:00,324.23,2014,307,92384
11/4/2014 0:00,328.28,2014,308,89035
11/5/2014 0:00,337.14,2014,309,89234
11/6/2014 0:00,348.23,2014,310,91490
11/7/2014 0:00,341.08,2014,311,80904
11/8/2014 0:00,344.03,2014,312,72599
11/9/2014 0:00,363.31,2014,313,75473
11/10/2014 0:00,365.29,2014,314,89949
11/11/2014 0:00,366.99,2014,315,86271
11/12/2014 0:00,427.24,2014,316,95146
11/13/2014 0:00,417.15,2014,317,94178
11/14/2014 0:00,398.43,2014,318,81129
11/15/2014 0:00,375.13,2014,319,74895
11/16/2014 0:00,388.55,2014,320,76556
11/17/2014 0:00,385.86,2014,321,89488
11/18/2014 0:00,372.38,2014,322,87075
11/19/2014 0:00,377.24,2014,323,84641
11/20/2014 0:00,356.14,2014,324,91691
11/21/2014 0:00,348.86,2014,325,77336
11/22/2014 0:00,352.04,2014,326,75925
11/23/2014 0:00,366.77,2014,327,76794
11/24/2014 0:00,375.24,2014,328,87789
11/25/2014 0:00,375.72,2014,329,85810
11/26/2014 0:00,368.51,2014,330,84936
11/27/2014 0:00,369.14,2014,331,82411
11/28/2014 0:00,375.85,2014,332,86595
11/29/2014 0:00,375.22,2014,333,82049
11/30/2014 0:00,377.09,2014,334,85745
12/1/2014 0:00,378.64,2014,335,102309
12/2/2014 0:00,381.54,2014,336,95775
12/3/2014 0:00,374.97,2014,337,101204
12/4/2014 0:00,369.15,2014,338,95757
12/5/2014 0:00,376.04,2014,339,91689
12/6/2014 0:00,374.02,2014,340,76848
12/7/2014 0:00,374.26,2014,341,78275
12/8/2014 0:00,360.94,2014,342,91699
12/9/2014 0:00,351.27,2014,343,91200
12/10/2014 0:00,344.62,2014,344,84698
12/11/2014 0:00,347.13,2014,345,84453
12/12/2014 0:00,350.94,2014,346,79856
12/13/2014 0:00,347.47,2014,347,72210
12/14/2014 0:00,351.14,2014,348,86597
12/15/2014 0:00,345.1,2014,349,99095
12/16/2014 0:00,326.08,2014,350,99100
12/17/2014 0:00,319.17,2014,351,96400
12/18/2014 0:00,310.75,2014,352,94273
12/19/2014 0:00,317.01,2014,353,96866
12/20/2014 0:00,329.57,2014,354,83591
12/21/2014 0:00,319.24,2014,355,82128
12/22/2014 0:00,330.67,2014,356,97631
12/23/2014 0:00,334.05,2014,357,96129
12/24/2014 0:00,321.88,2014,358,80203
12/25/2014 0:00,318.61,2014,359,66045
12/26/2014 0:00,327.16,2014,360,79667
12/27/2014 0:00,315.17,2014,361,75431
12/28/2014 0:00,316.8,2014,362,75512
12/29/2014 0:00,312.44,2014,363,85817
12/30/2014 0:00,309.87,2014,364,86912
12/31/2014 0:00,319.7,2014,365,67973
1/1/2015 0:00,313.92,2015,1,62800
1/2/2015 0:00,314.59,2015,2,82545
1/3/2015 0:00,279.85,2015,3,82216
1/4/2015 0:00,263.63,2015,4,86991
1/5/2015 0:00,272.95,2015,5,95436
1/6/2015 0:00,285.58,2015,6,88299
1/7/2015 0:00,294.88,2015,7,91703
1/8/2015 0:00,283.25,2015,8,107956
1/9/2015 0:00,288.84,2015,9,103568
1/10/2015 0:00,274.07,2015,10,103502
1/11/2015 0:00,265.37,2015,11,88549
1/12/2015 0:00,267.09,2015,12,103664
1/13/2015 0:00,226.98,2015,13,98758
1/14/2015 0:00,177.28,2015,14,109725
1/15/2015 0:00,210.46,2015,15,118766
1/16/2015 0:00,207.22,2015,16,100411
1/17/2015 0:00,199.62,2015,17,86001
1/18/2015 0:00,209.93,2015,18,90287
1/19/2015 0:00,213.98,2015,19,96741
1/20/2015 0:00,210.48,2015,20,98745
1/21/2015 0:00,225.98,2015,21,97733
1/22/2015 0:00,232.66,2015,22,92390
1/23/2015 0:00,232.97,2015,23,91118
1/24/2015 0:00,247.99,2015,24,81486
1/25/2015 0:00,254.51,2015,25,92489
1/26/2015 0:00,271.95,2015,26,106928
1/27/2015 0:00,262.06,2015,27,94660
1/28/2015 0:00,233.21,2015,28,84974
1/29/2015 0:00,232.4,2015,29,89978
1/30/2015 0:00,226.5,2015,30,81575
1/31/2015 0:00,216.91,2015,31,85715
2/1/2015 0:00,226.4,2015,32,77954
2/2/2015 0:00,237.54,2015,33,87548
2/3/2015 0:00,226.96,2015,34,93151
2/4/2015 0:00,226.73,2015,35,91114
2/5/2015 0:00,216.77,2015,36,85725
2/6/2015 0:00,222.48,2015,37,85345
2/7/2015 0:00,227.33,2015,38,83354
2/8/2015 0:00,222.87,2015,39,86210
2/9/2015 0:00,220.17,2015,40,107488
2/10/2015 0:00,220.08,2015,41,99781
2/11/2015 0:00,219.49,2015,42,96726
2/12/2015 0:00,221.85,2015,43,91516
2/13/2015 0:00,235.79,2015,44,118875
2/14/2015 0:00,257.47,2015,45,89205
2/15/2015 0:00,234.33,2015,46,91889
2/16/2015 0:00,233.56,2015,47,100974
2/17/2015 0:00,243.6,2015,48,103501
2/18/2015 0:00,236.21,2015,49,104204
2/19/2015 0:00,239.83,2015,50,93290
2/20/2015 0:00,243.78,2015,51,98775
2/21/2015 0:00,244.26,2015,52,86561
2/22/2015 0:00,235.53,2015,53,86534
2/23/2015 0:00,238.08,2015,54,104031
2/24/2015 0:00,238.76,2015,55,105623
2/25/2015 0:00,237.25,2015,56,103217
2/26/2015 0:00,236.1,2015,57,102440
2/27/2015 0:00,252.51,2015,58,99860
2/28/2015 0:00,253.53,2015,59,88111
3/1/2015 0:00,258.74,2015,60,89954
3/2/2015 0:00,271.35,2015,61,107604
3/3/2015 0:00,281.45,2015,62,110337
3/4/2015 0:00,271.92,2015,63,98229
3/5/2015 0:00,274.86,2015,64,98578
3/6/2015 0:00,272.21,2015,65,94539
3/7/2015 0:00,275.89,2015,66,89347
3/8/2015 0:00,274.48,2015,67,87405
3/9/2015 0:00,288.52,2015,68,108230
3/10/2015 0:00,290.51,2015,69,102466
3/11/2015 0:00,295.83,2015,70,102719
3/12/2015 0:00,293.87,2015,71,94382
3/13/2015 0:00,284.28,2015,72,97223
3/14/2015 0:00,281.36,2015,73,87856
3/15/2015 0:00,285.34,2015,74,84342
3/16/2015 0:00,290.38,2015,75,105038
3/17/2015 0:00,284.46,2015,76,104954
3/18/2015 0:00,255.37,2015,77,97840
3/19/2015 0:00,259.74,2015,78,107427
3/20/2015 0:00,260.84,2015,79,101668
3/21/2015 0:00,259.62,2015,80,91489
3/22/2015 0:00,267.8,2015,81,90238
3/23/2015 0:00,265.94,2015,82,105402
3/24/2015 0:00,245.44,2015,83,93320
3/25/2015 0:00,246.13,2015,84,96450
3/26/2015 0:00,247.65,2015,85,103445
3/27/2015 0:00,246.58,2015,86,98015
3/28/2015 0:00,252.25,2015,87,87477
3/29/2015 0:00,242.02,2015,88,92782
3/30/2015 0:00,246.85,2015,89,105345
3/31/2015 0:00,243.39,2015,90,118557
4/1/2015 0:00,246.55,2015,91,119911
4/2/2015 0:00,252.26,2015,92,108352
4/3/2015 0:00,253.54,2015,93,103215
4/4/2015 0:00,253.12,2015,94,88045
4/5/2015 0:00,259.95,2015,95,97241
4/6/2015 0:00,254.52,2015,96,109243
4/7/2015 0:00,252.8,2015,97,110094
4/8/2015 0:00,244.36,2015,98,111355
4/9/2015 0:00,243.26,2015,99,116980
4/10/2015 0:00,235.22,2015,100,111021
4/11/2015 0:00,236.12,2015,101,95149
4/12/2015 0:00,235.64,2015,102,89248
4/13/2015 0:00,223.41,2015,103,117862
4/14/2015 0:00,218.27,2015,104,106177
4/15/2015 0:00,223.57,2015,105,108629
4/16/2015 0:00,228.11,2015,106,98797
4/17/2015 0:00,222.23,2015,107,99715
4/18/2015 0:00,222.84,2015,108,100613
4/19/2015 0:00,221.69,2015,109,91668
4/20/2015 0:00,224.31,2015,110,117347
4/21/2015 0:00,235.81,2015,111,114838
4/22/2015 0:00,233.92,2015,112,109084
4/23/2015 0:00,235.56,2015,113,110187
4/24/2015 0:00,230.79,2015,114,106973
4/25/2015 0:00,225.85,2015,115,97417
4/26/2015 0:00,218.81,2015,116,97243
4/27/2015 0:00,228.5,2015,117,112867
4/28/2015 0:00,225.68,2015,118,114870
4/29/2015 0:00,225.98,2015,119,113909
4/30/2015 0:00,236.57,2015,120,114147
5/1/2015 0:00,232.12,2015,121,98899
5/2/2015 0:00,234.9,2015,122,91620
5/3/2015 0:00,240.12,2015,123,86119
5/4/2015 0:00,238.77,2015,124,109544
5/5/2015 0:00,236.55,2015,125,112175
5/6/2015 0:00,230.05,2015,126,113353
5/7/2015 0:00,237.78,2015,127,110004
5/8/2015 0:00,243.39,2015,128,107206
5/9/2015 0:00,240.48,2015,129,94670
5/10/2015 0:00,239.63,2015,130,89222
5/11/2015 0:00,241.85,2015,131,114511
5/12/2015 0:00,240.99,2015,132,108870
5/13/2015 0:00,235.8,2015,133,108537
5/14/2015 0:00,236.74,2015,134,101348
5/15/2015 0:00,237.31,2015,135,104414
5/16/2015 0:00,235.73,2015,136,87740
5/17/2015 0:00,236.1,2015,137,88151
5/18/2015 0:00,232.87,2015,138,103950
5/19/2015 0:00,231.94,2015,139,107932
5/20/2015 0:00,234.25,2015,140,103312
5/21/2015 0:00,235.3,2015,141,97244
5/22/2015 0:00,240.52,2015,142,102639
5/23/2015 0:00,239.03,2015,143,86136
5/24/2015 0:00,241.19,2015,144,95998
5/25/2015 0:00,237.49,2015,145,106075
5/26/2015 0:00,237.33,2015,146,108939
5/27/2015 0:00,237.18,2015,147,109726
5/28/2015 0:00,237.47,2015,148,112122
5/29/2015 0:00,237.1,2015,149,131585
5/30/2015 0:00,233.29,2015,150,116594
5/31/2015 0:00,230,2015,151,103087
6/1/2015 0:00,223.31,2015,152,130095
6/2/2015 0:00,225.75,2015,153,127323
6/3/2015 0:00,225.65,2015,154,125823
6/4/2015 0:00,224.37,2015,155,116838
6/5/2015 0:00,225.04,2015,156,110182
6/6/2015 0:00,225.68,2015,157,91219
6/7/2015 0:00,223.39,2015,158,84671
6/8/2015 0:00,228.65,2015,159,108031
6/9/2015 0:00,229.33,2015,160,128195
6/10/2015 0:00,228.95,2015,161,128718
6/11/2015 0:00,230.02,2015,162,121977
6/12/2015 0:00,230.2,2015,163,126268
6/13/2015 0:00,232.75,2015,164,99561
6/14/2015 0:00,233.85,2015,165,108278
6/15/2015 0:00,237.31,2015,166,128417
6/16/2015 0:00,250.9,2015,167,127296
6/17/2015 0:00,249.17,2015,168,126737
6/18/2015 0:00,248.87,2015,169,125765
6/19/2015 0:00,243.55,2015,170,124316
6/20/2015 0:00,245.26,2015,171,97174
6/21/2015 0:00,244.01,2015,172,98742
6/22/2015 0:00,246.77,2015,173,127348
6/23/2015 0:00,243.99,2015,174,120515
6/24/2015 0:00,240.22,2015,175,111233
6/25/2015 0:00,242.42,2015,176,112992
6/26/2015 0:00,242.64,2015,177,114709
6/27/2015 0:00,250.71,2015,178,102852
6/28/2015 0:00,248.07,2015,179,103241
6/29/2015 0:00,256.49,2015,180,127901
6/30/2015 0:00,262.48,2015,181,170346
7/1/2015 0:00,257.66,2015,182,131327
7/2/2015 0:00,254.35,2015,183,143455
7/3/2015 0:00,255.6,2015,184,121849
7/4/2015 0:00,260.35,2015,185,105441
7/5/2015 0:00,271.02,2015,186,123019
7/6/2015 0:00,268.49,2015,187,198715
7/7/2015 0:00,264.96,2015,188,193430
7/8/2015 0:00,269.65,2015,189,183559
7/9/2015 0:00,268.11,2015,190,181194
7/10/2015 0:00,283.88,2015,191,211624
7/11/2015 0:00,291.69,2015,192,177610
7/12/2015 0:00,309.98,2015,193,228365
7/13/2015 0:00,290.88,2015,194,124145
7/14/2015 0:00,286.19,2015,195,124353
7/15/2015 0:00,283.82,2015,196,114576
7/16/2015 0:00,277.83,2015,197,114157
7/17/2015 0:00,278.49,2015,198,124006
7/18/2015 0:00,274.49,2015,199,142684
7/19/2015 0:00,272.49,2015,200,98707
7/20/2015 0:00,278.41,2015,201,127828
7/21/2015 0:00,275.1,2015,202,134774
7/22/2015 0:00,276.62,2015,203,129037
7/23/2015 0:00,275.63,2015,204,107879
7/24/2015 0:00,287.97,2015,205,108356
7/25/2015 0:00,288.13,2015,206,98682
7/26/2015 0:00,291.64,2015,207,98787
7/27/2015 0:00,292.73,2015,208,115864
7/28/2015 0:00,293.79,2015,209,125565
7/29/2015 0:00,288.77,2015,210,140468
7/30/2015 0:00,287.29,2015,211,122511
7/31/2015 0:00,283.94,2015,212,174389
8/1/2015 0:00,280.04,2015,213,118693
8/2/2015 0:00,281.65,2015,214,103529
8/3/2015 0:00,280.48,2015,215,122571
8/4/2015 0:00,284.5,2015,216,126162
8/5/2015 0:00,281.38,2015,217,137526
8/6/2015 0:00,278.25,2015,218,136803
8/7/2015 0:00,279.03,2015,219,108720
8/8/2015 0:00,260.2,2015,220,98737
8/9/2015 0:00,264.44,2015,221,91300
8/10/2015 0:00,263.76,2015,222,118095
8/11/2015 0:00,270.92,2015,223,116906
8/12/2015 0:00,265.64,2015,224,116381
8/13/2015 0:00,263.34,2015,225,116568
8/14/2015 0:00,264.87,2015,226,107125
8/15/2015 0:00,260.73,2015,227,95680
8/16/2015 0:00,257.67,2015,228,89647
8/17/2015 0:00,256.98,2015,229,118477
8/18/2015 0:00,219,2015,230,122434
8/19/2015 0:00,225.39,2015,231,119155
8/20/2015 0:00,234.69,2015,232,117513
8/21/2015 0:00,231.94,2015,233,112340
8/22/2015 0:00,229.74,2015,234,102224
8/23/2015 0:00,227.59,2015,235,96372
8/24/2015 0:00,209.13,2015,236,129319
8/25/2015 0:00,221.71,2015,237,120016
8/26/2015 0:00,225.38,2015,238,124354
8/27/2015 0:00,224.26,2015,239,121371
8/28/2015 0:00,230.98,2015,240,116346
8/29/2015 0:00,229.76,2015,241,106229
8/30/2015 0:00,228.61,2015,242,102339
8/31/2015 0:00,230.02,2015,243,131610
9/1/2015 0:00,227.35,2015,244,132905
9/2/2015 0:00,228.86,2015,245,147863
9/3/2015 0:00,226.76,2015,246,123171
9/4/2015 0:00,230.09,2015,247,105184
9/5/2015 0:00,234.68,2015,248,120724
9/6/2015 0:00,239.44,2015,249,110315
9/7/2015 0:00,240.02,2015,250,124952
9/8/2015 0:00,243.55,2015,251,125607
9/9/2015 0:00,238.29,2015,252,126942
9/10/2015 0:00,238.59,2015,253,144565
9/11/2015 0:00,240.08,2015,254,169054
9/12/2015 0:00,234.82,2015,255,142240
9/13/2015 0:00,230.33,2015,256,146661
9/14/2015 0:00,230.24,2015,257,157648
9/15/2015 0:00,229.92,2015,258,173541
9/16/2015 0:00,228.8,2015,259,174885
9/17/2015 0:00,232.79,2015,260,271458
9/18/2015 0:00,232.72,2015,261,128306
9/19/2015 0:00,231.24,2015,262,110910
9/20/2015 0:00,230.86,2015,263,108743
9/21/2015 0:00,226.61,2015,264,134998
9/22/2015 0:00,230.52,2015,265,136192
9/23/2015 0:00,229.96,2015,266,132347
9/24/2015 0:00,234.28,2015,267,124970
9/25/2015 0:00,234.84,2015,268,131868
9/26/2015 0:00,234.21,2015,269,107387
9/27/2015 0:00,232.85,2015,270,112368
9/28/2015 0:00,239.34,2015,271,141099
9/29/2015 0:00,236.62,2015,272,141296
9/30/2015 0:00,236.25,2015,273,140006
10/1/2015 0:00,237.57,2015,274,128165
10/2/2015 0:00,237.4,2015,275,146747
10/3/2015 0:00,239.09,2015,276,107799
10/4/2015 0:00,238.69,2015,277,108258
10/5/2015 0:00,240.59,2015,278,127255
10/6/2015 0:00,246.42,2015,279,150033
10/7/2015 0:00,243.27,2015,280,135440
10/8/2015 0:00,242.69,2015,281,133215
10/9/2015 0:00,244.32,2015,282,122088
10/10/2015 0:00,245.33,2015,283,117954
10/11/2015 0:00,247.53,2015,284,110457
10/12/2015 0:00,245.59,2015,285,133760
10/13/2015 0:00,249.94,2015,286,137241
10/14/2015 0:00,252.59,2015,287,145062
10/15/2015 0:00,254.81,2015,288,150507
10/16/2015 0:00,262.94,2015,289,145107
10/17/2015 0:00,271.2,2015,290,130055
10/18/2015 0:00,262.9,2015,291,118916
10/19/2015 0:00,264.42,2015,292,151128
10/20/2015 0:00,270.22,2015,293,147335
10/21/2015 0:00,267.33,2015,294,149446
10/22/2015 0:00,274.41,2015,295,146556
10/23/2015 0:00,277.46,2015,296,142066
10/24/2015 0:00,282.66,2015,297,140943
10/25/2015 0:00,283.07,2015,298,131191
10/26/2015 0:00,286.13,2015,299,120139
10/27/2015 0:00,294.4,2015,300,156114
10/28/2015 0:00,303.89,2015,301,157681
10/29/2015 0:00,313.59,2015,302,161729
10/30/2015 0:00,326,2015,303,167867
10/31/2015 0:00,312.43,2015,304,154139
11/1/2015 0:00,325.08,2015,305,157642
11/2/2015 0:00,359.35,2015,306,176378
11/3/2015 0:00,400.71,2015,307,196341
11/4/2015 0:00,408.74,2015,308,198831
11/5/2015 0:00,387.51,2015,309,178312
11/6/2015 0:00,374.95,2015,310,163644
11/7/2015 0:00,384.8,2015,311,145311
11/8/2015 0:00,373.49,2015,312,137705
11/9/2015 0:00,380.04,2015,313,156555
11/10/2015 0:00,337.93,2015,314,166236
11/11/2015 0:00,312.58,2015,315,158630
11/12/2015 0:00,336.86,2015,316,158410
11/13/2015 0:00,337.29,2015,317,155152
11/14/2015 0:00,333.55,2015,318,149393
11/15/2015 0:00,319.93,2015,319,141690
11/16/2015 0:00,331.59,2015,320,160460
11/17/2015 0:00,335.77,2015,321,158318
11/18/2015 0:00,334.97,2015,322,159733
11/19/2015 0:00,326.31,2015,323,156847
11/20/2015 0:00,321.99,2015,324,158856
11/21/2015 0:00,327.17,2015,325,142802
11/22/2015 0:00,324.34,2015,326,131078
11/23/2015 0:00,323.26,2015,327,147985
11/24/2015 0:00,320.16,2015,328,151026
11/25/2015 0:00,328.98,2015,329,158888
11/26/2015 0:00,353.3,2015,330,157843
11/27/2015 0:00,358.18,2015,331,169848
11/28/2015 0:00,357.66,2015,332,157062
11/29/2015 0:00,371.86,2015,333,138758
11/30/2015 0:00,376.91,2015,334,181774
12/1/2015 0:00,362.73,2015,335,181790
12/2/2015 0:00,359.43,2015,336,178730
12/3/2015 0:00,361.31,2015,337,161059
12/4/2015 0:00,363.48,2015,338,181021
12/5/2015 0:00,388.86,2015,339,187459
12/6/2015 0:00,388.46,2015,340,176402
12/7/2015 0:00,395.86,2015,341,193971
12/8/2015 0:00,418.14,2015,342,207301
12/9/2015 0:00,418.04,2015,343,217441
12/10/2015 0:00,415.25,2015,344,214147
12/11/2015 0:00,453.9,2015,345,211999
12/12/2015 0:00,435.9,2015,346,190378
12/13/2015 0:00,433.54,2015,347,206022
12/14/2015 0:00,443.84,2015,348,229181
12/15/2015 0:00,465.5,2015,349,223844
12/16/2015 0:00,455.37,2015,350,214066
12/17/2015 0:00,455.99,2015,351,219911
12/18/2015 0:00,463.84,2015,352,218110
12/19/2015 0:00,462.23,2015,353,200035
12/20/2015 0:00,442.5,2015,354,202704
12/21/2015 0:00,437.76,2015,355,232740
12/22/2015 0:00,435.5,2015,356,217384
12/23/2015 0:00,442.84,2015,357,229032
12/24/2015 0:00,454.85,2015,358,202426
12/25/2015 0:00,455.31,2015,359,178847
12/26/2015 0:00,417.22,2015,360,166345
12/27/2015 0:00,422.52,2015,361,159326
12/28/2015 0:00,421.26,2015,362,182186
12/29/2015 0:00,432.62,2015,363,181323
12/30/2015 0:00,426.14,2015,364,175144
12/31/2015 0:00,430.05,2015,365,145511
1/1/2016 0:00,434.46,2016,1,126762
1/2/2016 0:00,433.59,2016,2,147449
1/3/2016 0:00,430.36,2016,3,148661
1/4/2016 0:00,433.49,2016,4,185279
1/5/2016 0:00,432.25,2016,5,178723
1/6/2016 0:00,429.46,2016,6,184207
1/7/2016 0:00,458.28,2016,7,186367
1/8/2016 0:00,453.37,2016,8,174682
1/9/2016 0:00,449.14,2016,9,176906
1/10/2016 0:00,448.96,2016,10,164057
1/11/2016 0:00,448.38,2016,11,196869
1/12/2016 0:00,432.88,2016,12,195750
1/13/2016 0:00,432.04,2016,13,186334
1/14/2016 0:00,429.73,2016,14,174632
1/15/2016 0:00,358.77,2016,15,191348
1/16/2016 0:00,387.66,2016,16,187723
1/17/2016 0:00,380.21,2016,17,220950
1/18/2016 0:00,385.84,2016,18,198352
1/19/2016 0:00,377.74,2016,19,198793
1/20/2016 0:00,418.74,2016,20,207197
1/21/2016 0:00,409.94,2016,21,221267
1/22/2016 0:00,381.76,2016,22,208117
1/23/2016 0:00,386.19,2016,23,183374
1/24/2016 0:00,402.61,2016,24,209437
1/25/2016 0:00,390.66,2016,25,232234
1/26/2016 0:00,391.43,2016,26,230140
1/27/2016 0:00,394.63,2016,27,227902
1/28/2016 0:00,379.38,2016,28,226441
1/29/2016 0:00,378.2,2016,29,219887
1/30/2016 0:00,376.94,2016,30,182651
1/31/2016 0:00,367.13,2016,31,187212
2/1/2016 0:00,371.25,2016,32,242235
2/2/2016 0:00,372.88,2016,33,222465
2/3/2016 0:00,368.93,2016,34,187642
2/4/2016 0:00,388.61,2016,35,210743
2/5/2016 0:00,385.34,2016,36,224687
2/6/2016 0:00,375.4,2016,37,221701
2/7/2016 0:00,375.28,2016,38,208114
2/8/2016 0:00,371.1,2016,39,233548
2/9/2016 0:00,373.32,2016,40,239595
2/10/2016 0:00,379.96,2016,41,226054
2/11/2016 0:00,377.72,2016,42,218039
2/12/2016 0:00,383.13,2016,43,190096
2/13/2016 0:00,392.18,2016,44,186022
2/14/2016 0:00,406.74,2016,45,193386
2/15/2016 0:00,399.48,2016,46,225579
2/16/2016 0:00,407.36,2016,47,217755
2/17/2016 0:00,415.56,2016,48,221820
2/18/2016 0:00,421.64,2016,49,217237
2/19/2016 0:00,420.33,2016,50,218884
2/20/2016 0:00,436.52,2016,51,205252
2/21/2016 0:00,438.98,2016,52,214623
2/22/2016 0:00,438.07,2016,53,242033
2/23/2016 0:00,419.98,2016,54,246630
2/24/2016 0:00,424.36,2016,55,222687
2/25/2016 0:00,423.52,2016,56,209288
2/26/2016 0:00,432.06,2016,57,196471
2/27/2016 0:00,432.14,2016,58,187298
2/28/2016 0:00,432.64,2016,59,256588
2/29/2016 0:00,436.61,2016,60,263024
3/1/2016 0:00,433.64,2016,61,283221
3/2/2016 0:00,421.6,2016,62,248471
3/3/2016 0:00,419.47,2016,63,216466
3/4/2016 0:00,407.98,2016,64,214719
3/5/2016 0:00,397.83,2016,65,221776
3/6/2016 0:00,404.55,2016,66,158887
3/7/2016 0:00,412.98,2016,67,193051
3/8/2016 0:00,411.76,2016,68,195667
3/9/2016 0:00,412.62,2016,69,186635
3/10/2016 0:00,416.16,2016,70,188274
3/11/2016 0:00,419.89,2016,71,193428
3/12/2016 0:00,410.13,2016,72,159729
3/13/2016 0:00,412.29,2016,73,144055
3/14/2016 0:00,415.09,2016,74,198121
3/15/2016 0:00,415.38,2016,75,206220
3/16/2016 0:00,416.25,2016,76,210681
3/17/2016 0:00,418.45,2016,77,205741
3/18/2016 0:00,408.04,2016,78,204727
3/19/2016 0:00,408.52,2016,79,175875
3/20/2016 0:00,410.75,2016,80,176857
3/21/2016 0:00,411.42,2016,81,205645
3/22/2016 0:00,416.93,2016,82,198682
3/23/2016 0:00,417.39,2016,83,190354
3/24/2016 0:00,414.34,2016,84,186993
3/25/2016 0:00,415.69,2016,85,169168
3/26/2016 0:00,416.73,2016,86,160296
3/27/2016 0:00,425.38,2016,87,162608
3/28/2016 0:00,422.76,2016,88,199725
3/29/2016 0:00,415.55,2016,89,195944
3/30/2016 0:00,412.69,2016,90,203475
3/31/2016 0:00,415.16,2016,91,210798
4/1/2016 0:00,417.01,2016,92,204957
4/2/2016 0:00,419.69,2016,93,183966
4/3/2016 0:00,419.38,2016,94,175550
4/4/2016 0:00,419.42,2016,95,210834
4/5/2016 0:00,422.65,2016,96,221748
4/6/2016 0:00,421.7,2016,97,214839
4/7/2016 0:00,421.2,2016,98,222209
4/8/2016 0:00,418.09,2016,99,217089
4/9/2016 0:00,418.42,2016,100,189864
4/10/2016 0:00,421.11,2016,101,189001
4/11/2016 0:00,422.99,2016,102,237576
4/12/2016 0:00,425.99,2016,103,228691
4/13/2016 0:00,424.4,2016,104,226719
4/14/2016 0:00,425.11,2016,105,227896
4/15/2016 0:00,429.98,2016,106,211917
4/16/2016 0:00,430.84,2016,107,184823
4/17/2016 0:00,427.86,2016,108,186762
4/18/2016 0:00,429.05,2016,109,225991
4/19/2016 0:00,436.1,2016,110,226611
4/20/2016 0:00,442.16,2016,111,216213
4/21/2016 0:00,451.1,2016,112,211233
4/22/2016 0:00,447.64,2016,113,210041
4/23/2016 0:00,452.58,2016,114,180562
4/24/2016 0:00,460.33,2016,115,186705
4/25/2016 0:00,462.51,2016,116,227132
4/26/2016 0:00,467.8,2016,117,248044
4/27/2016 0:00,445.01,2016,118,245929
4/28/2016 0:00,449.86,2016,119,254746
4/29/2016 0:00,456.35,2016,120,249293
4/30/2016 0:00,449.33,2016,121,209615
5/1/2016 0:00,453.04,2016,122,189916
5/2/2016 0:00,444.51,2016,123,231006
5/3/2016 0:00,450.27,2016,124,235833
5/4/2016 0:00,446.96,2016,125,236270
5/5/2016 0:00,448.53,2016,126,229050
5/6/2016 0:00,460.37,2016,127,223230
5/7/2016 0:00,459.46,2016,128,202790
5/8/2016 0:00,459.44,2016,129,190831
5/9/2016 0:00,461.49,2016,130,229811
5/10/2016 0:00,450.99,2016,131,249772
5/11/2016 0:00,452.11,2016,132,229845
5/12/2016 0:00,454.82,2016,133,232578
5/13/2016 0:00,455.73,2016,134,230065
5/14/2016 0:00,455.75,2016,135,205792
5/15/2016 0:00,457.85,2016,136,200790
5/16/2016 0:00,453.41,2016,137,245331
5/17/2016 0:00,452.75,2016,138,238477
5/18/2016 0:00,453.38,2016,139,221150
5/19/2016 0:00,436.73,2016,140,230846
5/20/2016 0:00,442.95,2016,141,206098
5/21/2016 0:00,443.13,2016,142,189077
5/22/2016 0:00,438.77,2016,143,185075
5/23/2016 0:00,443.73,2016,144,231039
5/24/2016 0:00,445.13,2016,145,237130
5/25/2016 0:00,449.23,2016,146,251268
5/26/2016 0:00,453.82,2016,147,212029
5/27/2016 0:00,473.47,2016,148,219374
5/28/2016 0:00,525.43,2016,149,192656
5/29/2016 0:00,524.08,2016,150,179915
5/30/2016 0:00,532.59,2016,151,210832
5/31/2016 0:00,531.8,2016,152,221608
6/1/2016 0:00,536.42,2016,153,232317
6/2/2016 0:00,538.14,2016,154,235731
6/3/2016 0:00,570.47,2016,155,228630
6/4/2016 0:00,573.45,2016,156,193426
6/5/2016 0:00,574.11,2016,157,189105
6/6/2016 0:00,585.53,2016,158,226729
6/7/2016 0:00,577.86,2016,159,231928
6/8/2016 0:00,583.1,2016,160,236645
6/9/2016 0:00,576.45,2016,161,231092
6/10/2016 0:00,579.13,2016,162,226396
6/11/2016 0:00,611.78,2016,163,214224
6/12/2016 0:00,675.34,2016,164,210247
6/13/2016 0:00,705.62,2016,165,259375
6/14/2016 0:00,685.99,2016,166,244333
6/15/2016 0:00,696.32,2016,167,268635
6/16/2016 0:00,768.24,2016,168,262702
6/17/2016 0:00,747.55,2016,169,243054
6/18/2016 0:00,755.68,2016,170,239131
6/19/2016 0:00,764.04,2016,171,218812
6/20/2016 0:00,727.95,2016,172,250449
6/21/2016 0:00,665.88,2016,173,249599
6/22/2016 0:00,602.89,2016,174,234980
6/23/2016 0:00,625.49,2016,175,237165
6/24/2016 0:00,665.16,2016,176,240808
6/25/2016 0:00,665.33,2016,177,200212
6/26/2016 0:00,630.25,2016,178,178771
6/27/2016 0:00,658.4,2016,179,221992
6/28/2016 0:00,646.3,2016,180,213266
6/29/2016 0:00,639.08,2016,181,223575
6/30/2016 0:00,672.48,2016,182,229156
7/1/2016 0:00,676.52,2016,183,206959
7/2/2016 0:00,703.69,2016,184,193287
7/3/2016 0:00,659.69,2016,185,181381
7/4/2016 0:00,681.63,2016,186,205691
7/5/2016 0:00,668.09,2016,187,222192
7/6/2016 0:00,676.11,2016,188,214066
7/7/2016 0:00,639.76,2016,189,216956
7/8/2016 0:00,664.74,2016,190,209696
7/9/2016 0:00,650.63,2016,191,177503
7/10/2016 0:00,649.96,2016,192,164247
7/11/2016 0:00,649.03,2016,193,225256
7/12/2016 0:00,664.84,2016,194,222414
7/13/2016 0:00,653.93,2016,195,215156
7/14/2016 0:00,659.64,2016,196,208597
7/15/2016 0:00,664.88,2016,197,217671
7/16/2016 0:00,663.54,2016,198,183530
7/17/2016 0:00,679.05,2016,199,170698
7/18/2016 0:00,673.59,2016,200,227897
7/19/2016 0:00,673.84,2016,201,226504
7/20/2016 0:00,666.18,2016,202,223218
7/21/2016 0:00,665.1,2016,203,226899
7/22/2016 0:00,650.82,2016,204,210479
7/23/2016 0:00,654.86,2016,205,189878
7/24/2016 0:00,661.05,2016,206,189356
7/25/2016 0:00,655.13,2016,207,248777
7/26/2016 0:00,651.08,2016,208,233257
7/27/2016 0:00,655.44,2016,209,234114
7/28/2016 0:00,655.63,2016,210,232781
7/29/2016 0:00,656.67,2016,211,226472
7/30/2016 0:00,654.98,2016,212,203098
7/31/2016 0:00,625.88,2016,213,189767
8/1/2016 0:00,607.37,2016,214,237365
8/2/2016 0:00,552.82,2016,215,251740
8/3/2016 0:00,565.26,2016,216,225999
8/4/2016 0:00,578.32,2016,217,236907
8/5/2016 0:00,574.96,2016,218,232172
8/6/2016 0:00,588.42,2016,219,190423
8/7/2016 0:00,592.78,2016,220,188088
8/8/2016 0:00,590.62,2016,221,242680
8/9/2016 0:00,584.76,2016,222,239022
8/10/2016 0:00,592.89,2016,223,249205
8/11/2016 0:00,586.52,2016,224,243368
8/12/2016 0:00,586.03,2016,225,231766
8/13/2016 0:00,585.08,2016,226,211693
8/14/2016 0:00,571.44,2016,227,200834
8/15/2016 0:00,567.2,2016,228,217151
8/16/2016 0:00,576.25,2016,229,247281
8/17/2016 0:00,571.74,2016,230,239474
8/18/2016 0:00,572.5,2016,231,243009
8/19/2016 0:00,573.66,2016,232,241376
8/20/2016 0:00,580.7,2016,233,199843
8/21/2016 0:00,580.69,2016,234,189678
8/22/2016 0:00,584.73,2016,235,228645
8/23/2016 0:00,581.28,2016,236,243265
8/24/2016 0:00,577.99,2016,237,237161
8/25/2016 0:00,575.73,2016,238,231107
8/26/2016 0:00,578.16,2016,239,214916
8/27/2016 0:00,568.67,2016,240,190056
8/28/2016 0:00,573.55,2016,241,183676
8/29/2016 0:00,572.36,2016,242,240661
8/30/2016 0:00,576,2016,243,231805
8/31/2016 0:00,572.33,2016,244,232015
9/1/2016 0:00,571.69,2016,245,238085
9/2/2016 0:00,574.15,2016,246,218096
9/3/2016 0:00,598.38,2016,247,179651
9/4/2016 0:00,608.92,2016,248,185972
9/5/2016 0:00,606.03,2016,249,229519
9/6/2016 0:00,611.07,2016,250,243504
9/7/2016 0:00,614.79,2016,251,241801
9/8/2016 0:00,624.95,2016,252,221297
9/9/2016 0:00,621.8,2016,253,222479
9/10/2016 0:00,622.21,2016,254,184268
9/11/2016 0:00,605.81,2016,255,189638
9/12/2016 0:00,606.31,2016,256,216047
9/13/2016 0:00,606.92,2016,257,235645
9/14/2016 0:00,608.22,2016,258,227239
9/15/2016 0:00,605.21,2016,259,236421
9/16/2016 0:00,606.33,2016,260,222947
9/17/2016 0:00,605.29,2016,261,201816
9/18/2016 0:00,608.7,2016,262,190080
9/19/2016 0:00,608.53,2016,263,237066
9/20/2016 0:00,599.47,2016,264,237396
9/21/2016 0:00,595.8,2016,265,237402
9/22/2016 0:00,595.03,2016,266,233644
9/23/2016 0:00,601.71,2016,267,211762
9/24/2016 0:00,601.34,2016,268,216598
9/25/2016 0:00,599.18,2016,269,194838
9/26/2016 0:00,606.81,2016,270,238382
9/27/2016 0:00,604.76,2016,271,234815
9/28/2016 0:00,603.52,2016,272,240205
9/29/2016 0:00,605.06,2016,273,241812
9/30/2016 0:00,608.44,2016,274,248664
10/1/2016 0:00,613.93,2016,275,210761
10/2/2016 0:00,610.29,2016,276,200593
10/3/2016 0:00,612.34,2016,277,262118
10/4/2016 0:00,609.37,2016,278,261638
10/5/2016 0:00,610.88,2016,279,264358
10/6/2016 0:00,610.9,2016,280,275059
10/7/2016 0:00,616.49,2016,281,268740
10/8/2016 0:00,616.6,2016,282,240344
10/9/2016 0:00,614.62,2016,283,213693
10/10/2016 0:00,617.42,2016,284,233683
10/11/2016 0:00,639.37,2016,285,264224
10/12/2016 0:00,635.08,2016,286,223096
10/13/2016 0:00,635.02,2016,287,231685
10/14/2016 0:00,638.37,2016,288,240811
10/15/2016 0:00,637.37,2016,289,200285
10/16/2016 0:00,639.83,2016,290,200320
10/17/2016 0:00,636.92,2016,291,246757
10/18/2016 0:00,635.51,2016,292,249997
10/19/2016 0:00,628.15,2016,293,201605
10/20/2016 0:00,628.62,2016,294,272286
10/21/2016 0:00,630.15,2016,295,260691
10/22/2016 0:00,652.71,2016,296,213767
10/23/2016 0:00,649.24,2016,297,193724
10/24/2016 0:00,648.4,2016,298,233763
10/25/2016 0:00,652.89,2016,299,233891
10/26/2016 0:00,674.36,2016,300,250715
10/27/2016 0:00,686.52,2016,301,301052
10/28/2016 0:00,688.1,2016,302,238669
10/29/2016 0:00,712.87,2016,303,231968
10/30/2016 0:00,696.35,2016,304,211104
10/31/2016 0:00,697.37,2016,305,245993
11/1/2016 0:00,729.27,2016,306,243717
11/2/2016 0:00,742.46,2016,307,277709
11/3/2016 0:00,687.51,2016,308,266497
11/4/2016 0:00,702.54,2016,309,251830
11/5/2016 0:00,704.16,2016,310,230247
11/6/2016 0:00,712.24,2016,311,246154
11/7/2016 0:00,704.02,2016,312,281378
11/8/2016 0:00,709.15,2016,313,283667
11/9/2016 0:00,721.19,2016,314,271019
11/10/2016 0:00,713.67,2016,315,267499
11/11/2016 0:00,716.56,2016,316,244174
11/12/2016 0:00,703.55,2016,317,235429
11/13/2016 0:00,702.5,2016,318,223932
11/14/2016 0:00,706.39,2016,319,269763
11/15/2016 0:00,711.96,2016,320,287825
11/16/2016 0:00,742.07,2016,321,296119
11/17/2016 0:00,735.41,2016,322,272845
11/18/2016 0:00,749.68,2016,323,271777
11/19/2016 0:00,750.63,2016,324,251349
11/20/2016 0:00,728.61,2016,325,241910
11/21/2016 0:00,736.72,2016,326,287218
11/22/2016 0:00,748.22,2016,327,313965
11/23/2016 0:00,741.6,2016,328,254618
11/24/2016 0:00,736.4,2016,329,336339
11/25/2016 0:00,738.28,2016,330,302439
11/26/2016 0:00,732.82,2016,331,266804
11/27/2016 0:00,728.42,2016,332,245031
11/28/2016 0:00,731.75,2016,333,302195
11/29/2016 0:00,731.76,2016,334,291063
11/30/2016 0:00,742.01,2016,335,298383
12/1/2016 0:00,753.25,2016,336,260371
12/2/2016 0:00,771.41,2016,337,297294
12/3/2016 0:00,764.97,2016,338,269084
12/4/2016 0:00,766.46,2016,339,255539
12/5/2016 0:00,750.71,2016,340,284366
12/6/2016 0:00,758.81,2016,341,322543
12/7/2016 0:00,763.9,2016,342,297971
12/8/2016 0:00,766.75,2016,343,276397
12/9/2016 0:00,770.41,2016,344,265515
12/10/2016 0:00,773.21,2016,345,249832
12/11/2016 0:00,768.62,2016,346,229171
12/12/2016 0:00,777.91,2016,347,285829
12/13/2016 0:00,775.25,2016,348,289175
12/14/2016 0:00,776.64,2016,349,291066
12/15/2016 0:00,775.48,2016,350,281955
12/16/2016 0:00,780.85,2016,351,265042
12/17/2016 0:00,788.58,2016,352,236809
12/18/2016 0:00,788.59,2016,353,245239
12/19/2016 0:00,790.16,2016,354,285399
12/20/2016 0:00,798.78,2016,355,311269
12/21/2016 0:00,833.1,2016,356,313723
12/22/2016 0:00,858.74,2016,357,308164
12/23/2016 0:00,916.79,2016,358,299235
12/24/2016 0:00,894.2,2016,359,229564
12/25/2016 0:00,894.48,2016,360,199448
12/26/2016 0:00,902.55,2016,361,264033
12/27/2016 0:00,931.11,2016,362,295781
12/28/2016 0:00,978.01,2016,363,306563
12/29/2016 0:00,969.62,2016,364,300248
12/30/2016 0:00,960.47,2016,365,288346
1/1/2017 0:00,997.69,2017,1,204354
1/2/2017 0:00,1018.05,2017,2,290396
1/3/2017 0:00,1030.82,2017,3,303381
1/4/2017 0:00,1129.87,2017,4,344424
1/5/2017 0:00,1005.81,2017,5,304519
1/6/2017 0:00,895.67,2017,6,319169
1/7/2017 0:00,905.17,2017,7,273887
1/8/2017 0:00,913.52,2017,8,258314
1/9/2017 0:00,899.35,2017,9,280200
1/10/2017 0:00,904.79,2017,10,320052
1/11/2017 0:00,775.98,2017,11,306433
1/12/2017 0:00,802.83,2017,12,287570
1/13/2017 0:00,826.12,2017,13,273263
1/14/2017 0:00,818.64,2017,14,237591
1/15/2017 0:00,822.42,2017,15,235514
1/16/2017 0:00,830.26,2017,16,275581
1/17/2017 0:00,904.45,2017,17,292850
1/18/2017 0:00,884.25,2017,18,299943
1/19/2017 0:00,898.02,2017,19,296531
1/20/2017 0:00,891.62,2017,20,293459
1/21/2017 0:00,920.01,2017,21,256703
1/22/2017 0:00,925.33,2017,22,245627
1/23/2017 0:00,912.69,2017,23,206995
1/24/2017 0:00,885.65,2017,24,303169
1/25/2017 0:00,894.11,2017,25,332505
1/26/2017 0:00,915.1,2017,26,289936
1/27/2017 0:00,918.56,2017,27,274674
1/28/2017 0:00,920.28,2017,28,233748
1/29/2017 0:00,914.04,2017,29,215861
1/30/2017 0:00,920.24,2017,30,297112
1/31/2017 0:00,967.67,2017,31,328762
2/1/2017 0:00,987.35,2017,32,328313
2/2/2017 0:00,1007.79,2017,33,231115
2/3/2017 0:00,1018.11,2017,34,359633
2/4/2017 0:00,1033.65,2017,35,280142
2/5/2017 0:00,1013.99,2017,36,270297
2/6/2017 0:00,1024.61,2017,37,245062
2/7/2017 0:00,1052.54,2017,38,326546
2/8/2017 0:00,1054.34,2017,39,331911
2/9/2017 0:00,988.95,2017,40,317480
2/10/2017 0:00,993.08,2017,41,295983
2/11/2017 0:00,1010,2017,42,250261
2/12/2017 0:00,999.51,2017,43,239160
2/13/2017 0:00,996.86,2017,44,315128
2/14/2017 0:00,1009.25,2017,45,300042
2/15/2017 0:00,1009.12,2017,46,302837
2/16/2017 0:00,1034.08,2017,47,275522
2/17/2017 0:00,1053.12,2017,48,325813
2/18/2017 0:00,1058.41,2017,49,280018
2/19/2017 0:00,1052.82,2017,50,255975
2/20/2017 0:00,1083.24,2017,51,276240
2/21/2017 0:00,1123.66,2017,52,276593
2/22/2017 0:00,1122.19,2017,53,286819
2/23/2017 0:00,1178.38,2017,54,330612
2/24/2017 0:00,1180.92,2017,55,351289
2/25/2017 0:00,1151.58,2017,56,305522
2/26/2017 0:00,1179.97,2017,57,273309
2/27/2017 0:00,1194.28,2017,58,294099
2/28/2017 0:00,1190.89,2017,59,328891
3/1/2017 0:00,1230.02,2017,60,332490
3/2/2017 0:00,1260.92,2017,61,301799
3/3/2017 0:00,1290.79,2017,62,334042
3/4/2017 0:00,1267.68,2017,63,275801
3/5/2017 0:00,1277.68,2017,64,271247
3/6/2017 0:00,1280.87,2017,65,293070
3/7/2017 0:00,1232.43,2017,66,336599
3/8/2017 0:00,1150.48,2017,67,297505
3/9/2017 0:00,1191.81,2017,68,297525
3/10/2017 0:00,1117.02,2017,69,307645
3/11/2017 0:00,1181.64,2017,70,258261
3/12/2017 0:00,1229.5,2017,71,231117
3/13/2017 0:00,1243.24,2017,72,285758
3/14/2017 0:00,1246.31,2017,73,300527
3/15/2017 0:00,1259.6,2017,74,288528
3/16/2017 0:00,1172.91,2017,75,327552
3/17/2017 0:00,1070.13,2017,76,310747
3/18/2017 0:00,970.6,2017,77,248476
3/19/2017 0:00,1017.8,2017,78,243150
3/20/2017 0:00,1041.34,2017,79,284533
3/21/2017 0:00,1115.04,2017,80,305414
3/22/2017 0:00,1037.44,2017,81,307535
3/23/2017 0:00,1029.95,2017,82,293939
3/24/2017 0:00,935.95,2017,83,276945
3/25/2017 0:00,964.69,2017,84,243872
3/26/2017 0:00,965.23,2017,85,210712
3/27/2017 0:00,1040.49,2017,86,273905
3/28/2017 0:00,1044.25,2017,87,282160
3/29/2017 0:00,1040.39,2017,88,278050
3/30/2017 0:00,1037.53,2017,89,276003
3/31/2017 0:00,1079.75,2017,90,272518
4/1/2017 0:00,1089.51,2017,91,252866
4/2/2017 0:00,1098.78,2017,92,238687
4/3/2017 0:00,1147.63,2017,93,284243
4/4/2017 0:00,1143.75,2017,94,278835
4/5/2017 0:00,1135,2017,95,300688
4/6/2017 0:00,1190.6,2017,96,289243
4/7/2017 0:00,1193.02,2017,97,286121
4/8/2017 0:00,1184.82,2017,98,234179
4/9/2017 0:00,1210.05,2017,99,232834
4/10/2017 0:00,1213.34,2017,100,290891
4/11/2017 0:00,1224.77,2017,101,297553
4/12/2017 0:00,1216.5,2017,102,280374
4/13/2017 0:00,1178.53,2017,103,224690
4/14/2017 0:00,1183.44,2017,104,292901
4/15/2017 0:00,1180.7,2017,105,258590
4/16/2017 0:00,1184.79,2017,106,213910
4/17/2017 0:00,1203.73,2017,107,259405
4/18/2017 0:00,1217.6,2017,108,312289
4/19/2017 0:00,1226.94,2017,109,301039
4/20/2017 0:00,1255.4,2017,110,281133
4/21/2017 0:00,1257.13,2017,111,304343
4/22/2017 0:00,1244.37,2017,112,267840
4/23/2017 0:00,1248.22,2017,113,247071
4/24/2017 0:00,1248.32,2017,114,233504
4/25/2017 0:00,1263.54,2017,115,346462
4/26/2017 0:00,1284.84,2017,116,309518
4/27/2017 0:00,1329.19,2017,117,294651
4/28/2017 0:00,1320.05,2017,118,323510
4/29/2017 0:00,1327.04,2017,119,323074
4/30/2017 0:00,1347.96,2017,120,284406
5/1/2017 0:00,1402.08,2017,121,311653
5/2/2017 0:00,1443.68,2017,122,323068
5/3/2017 0:00,1492,2017,123,292283
5/4/2017 0:00,1515.63,2017,124,337518
5/5/2017 0:00,1512.21,2017,125,310659
5/6/2017 0:00,1548.29,2017,126,344295
5/7/2017 0:00,1555.47,2017,127,325257
5/8/2017 0:00,1639.32,2017,128,349575
5/9/2017 0:00,1706.93,2017,129,341132
5/10/2017 0:00,1756.8,2017,130,331411
5/11/2017 0:00,1807.37,2017,131,274115
5/12/2017 0:00,1676.99,2017,132,322323
5/13/2017 0:00,1759.96,2017,133,324122
5/14/2017 0:00,1772.42,2017,134,382405
5/15/2017 0:00,1697.38,2017,135,324599
5/16/2017 0:00,1718.2,2017,136,222738
5/17/2017 0:00,1802.16,2017,137,321440
5/18/2017 0:00,1887.33,2017,138,285385
5/19/2017 0:00,1968.1,2017,139,329821
5/20/2017 0:00,2051.73,2017,140,349371
5/21/2017 0:00,2055.62,2017,141,322336
5/22/2017 0:00,2139.03,2017,142,343951
5/23/2017 0:00,2291.48,2017,143,343403
5/24/2017 0:00,2476.3,2017,144,367599
5/25/2017 0:00,2357.5,2017,145,331439
5/26/2017 0:00,2247.48,2017,146,318698
5/27/2017 0:00,2106.31,2017,147,349817
5/28/2017 0:00,2207.58,2017,148,288963
5/29/2017 0:00,2289.87,2017,149,355838
5/30/2017 0:00,2197.23,2017,150,336700
5/31/2017 0:00,2330.23,2017,151,316052
6/1/2017 0:00,2452.18,2017,152,304119
6/2/2017 0:00,2517.41,2017,153,301367
6/3/2017 0:00,2555.65,2017,154,267772
6/4/2017 0:00,2552.81,2017,155,266891
6/5/2017 0:00,2736.59,2017,156,319095
6/6/2017 0:00,2914.08,2017,157,294004
6/7/2017 0:00,2694.22,2017,158,332331
6/8/2017 0:00,2825.03,2017,159,292307
6/9/2017 0:00,2826.7,2017,160,283180
6/10/2017 0:00,2942.34,2017,161,237117
6/11/2017 0:00,3018.54,2017,162,243191
6/12/2017 0:00,2682.59,2017,163,268205
6/13/2017 0:00,2738.93,2017,164,296593
6/14/2017 0:00,2494.48,2017,165,295414
6/15/2017 0:00,2456.92,2017,166,275389
6/16/2017 0:00,2528.1,2017,167,276318
6/17/2017 0:00,2664,2017,168,225021
6/18/2017 0:00,2576.17,2017,169,208772
6/19/2017 0:00,2641.66,2017,170,283647
6/20/2017 0:00,2778.83,2017,171,267796
6/21/2017 0:00,2712.16,2017,172,277180
6/22/2017 0:00,2740.79,2017,173,276569
6/23/2017 0:00,2738.22,2017,174,249899
6/24/2017 0:00,2619.12,2017,175,213415
6/25/2017 0:00,2594.45,2017,176,192326
6/26/2017 0:00,2485.36,2017,177,262513
6/27/2017 0:00,2593.17,2017,178,262701
6/28/2017 0:00,2584.56,2017,179,273308
6/29/2017 0:00,2561.56,2017,180,243402
6/30/2017 0:00,2499.98,2017,181,253669
7/1/2017 0:00,2460.2,2017,182,214419
7/2/2017 0:00,2529.78,2017,183,194486
7/3/2017 0:00,2581.07,2017,184,259597
7/4/2017 0:00,2625.07,2017,185,262559
7/5/2017 0:00,2629.27,2017,186,233004
7/6/2017 0:00,2619.11,2017,187,236195
7/7/2017 0:00,2521.24,2017,188,241374
7/8/2017 0:00,2579.93,2017,189,204974
7/9/2017 0:00,2525.67,2017,190,191574
7/10/2017 0:00,2371.96,2017,191,262649
7/11/2017 0:00,2332.19,2017,192,260902
7/12/2017 0:00,2423.16,2017,193,261095
7/13/2017 0:00,2354.783417,2017,194,241435
7/14/2017 0:00,2190.947833,2017,195,234109
7/15/2017 0:00,2058.9956,2017,196,210824
7/16/2017 0:00,1931.2143,2017,197,201547
7/17/2017 0:00,2176.623488,2017,198,242405
7/18/2017 0:00,2320.12225,2017,199,253246
7/19/2017 0:00,2264.7657,2017,200,257382
7/20/2017 0:00,2898.188417,2017,201,249210
7/21/2017 0:00,2682.195363,2017,202,253760
7/22/2017 0:00,2807.609857,2017,203,209760
7/23/2017 0:00,2725.549717,2017,204,186092
7/24/2017 0:00,2751.821029,2017,205,239690
7/25/2017 0:00,2560.997917,2017,206,247430
7/26/2017 0:00,2495.028586,2017,207,234441
7/27/2017 0:00,2647.625,2017,208,229670
7/28/2017 0:00,2781.636583,2017,209,253620
7/29/2017 0:00,2722.512786,2017,210,192962
7/30/2017 0:00,2745.955417,2017,211,207578
7/31/2017 0:00,2866.431667,2017,212,203927
8/1/2017 0:00,2710.413067,2017,213,130114
8/2/2017 0:00,2693.633983,2017,214,217102
8/3/2017 0:00,2794.117717,2017,215,223710
8/4/2017 0:00,2873.851083,2017,216,237044
8/5/2017 0:00,3218.115017,2017,217,228859
8/6/2017 0:00,3252.562533,2017,218,203492
8/7/2017 0:00,3407.226833,2017,219,265675
8/8/2017 0:00,3457.374333,2017,220,270191
8/9/2017 0:00,3357.326317,2017,221,260784
8/10/2017 0:00,3424.4042,2017,222,262914
8/11/2017 0:00,3632.506667,2017,223,265575
8/12/2017 0:00,3852.802914,2017,224,270072
8/13/2017 0:00,4125.54802,2017,225,264507
8/14/2017 0:00,4282.992,2017,226,262670
8/15/2017 0:00,4217.028329,2017,227,309934
8/16/2017 0:00,4360.876871,2017,228,295288
8/17/2017 0:00,4328.725717,2017,229,344123
8/18/2017 0:00,4130.440067,2017,230,290522
8/19/2017 0:00,4222.662214,2017,231,254064
8/20/2017 0:00,4157.958033,2017,232,218423
8/21/2017 0:00,4043.722,2017,233,235581
8/22/2017 0:00,4082.180983,2017,234,217671
8/23/2017 0:00,4174.95,2017,235,288889
8/24/2017 0:00,4340.316717,2017,236,204230
8/25/2017 0:00,4363.05445,2017,237,211469
8/26/2017 0:00,4360.513317,2017,238,236309
8/27/2017 0:00,4354.308333,2017,239,250979
8/28/2017 0:00,4391.673517,2017,240,232037
8/29/2017 0:00,4607.98545,2017,241,279792
8/30/2017 0:00,4594.98785,2017,242,267972
8/31/2017 0:00,4748.255,2017,243,285567
9/1/2017 0:00,4911.740017,2017,244,280034
9/2/2017 0:00,4580.38748,2017,245,224041
9/3/2017 0:00,4648.159983,2017,246,198196
9/4/2017 0:00,4344.098317,2017,247,281010
9/5/2017 0:00,4488.72014,2017,248,282288
9/6/2017 0:00,4641.822017,2017,249,272269
9/7/2017 0:00,4654.6585,2017,250,267715
9/8/2017 0:00,4310.750183,2017,251,259430
9/9/2017 0:00,4375.55952,2017,252,213904
9/10/2017 0:00,4329.955,2017,253,202396
9/11/2017 0:00,4248.090017,2017,254,252624
9/12/2017 0:00,4219.036617,2017,255,254407
9/13/2017 0:00,3961.271267,2017,256,265201
9/14/2017 0:00,3319.63,2017,257,276823
9/15/2017 0:00,3774.265283,2017,258,286828
9/16/2017 0:00,3763.62604,2017,259,215029
9/17/2017 0:00,3746.060783,2017,260,197520
9/18/2017 0:00,4093.316667,2017,261,246925
9/19/2017 0:00,3943.413333,2017,262,254047
9/20/2017 0:00,3977.561667,2017,263,252196
9/21/2017 0:00,3658.898183,2017,264,244907
9/22/2017 0:00,3637.50255,2017,265,222606
9/23/2017 0:00,3776.3869,2017,266,195492
9/24/2017 0:00,3703.04065,2017,267,191675
9/25/2017 0:00,3942.555,2017,268,241099
9/26/2017 0:00,3910.307383,2017,269,255175
9/27/2017 0:00,4202.554983,2017,270,274858
9/28/2017 0:00,4201.98905,2017,271,261803
9/29/2017 0:00,4193.574667,2017,272,256747
9/30/2017 0:00,4335.368317,2017,273,206684
10/1/2017 0:00,4360.722967,2017,274,215165
10/2/2017 0:00,4386.88375,2017,275,290469
10/3/2017 0:00,4293.3066,2017,276,283914
10/4/2017 0:00,4225.175,2017,277,248891
10/5/2017 0:00,4338.852,2017,278,269078
10/6/2017 0:00,4345.603333,2017,279,264795
10/7/2017 0:00,4376.191667,2017,280,229225
10/8/2017 0:00,4602.280883,2017,281,254565
10/9/2017 0:00,4777.967817,2017,282,302521
10/10/2017 0:00,4782.28,2017,283,296099
10/11/2017 0:00,4819.485767,2017,284,300054
10/12/2017 0:00,5325.130683,2017,285,279797
10/13/2017 0:00,5563.806567,2017,286,328506
10/14/2017 0:00,5739.438733,2017,287,298553
10/15/2017 0:00,5647.311667,2017,288,263942
10/16/2017 0:00,5711.205867,2017,289,322148
10/17/2017 0:00,5603.71294,2017,290,342826
10/18/2017 0:00,5546.1761,2017,291,337980
10/19/2017 0:00,5727.6335,2017,292,343365
10/20/2017 0:00,5979.45984,2017,293,309953
10/21/2017 0:00,6020.371683,2017,294,313582
10/22/2017 0:00,5983.18455,2017,295,291628
10/23/2017 0:00,5876.079867,2017,296,339995
10/24/2017 0:00,5505.827767,2017,297,322883
10/25/2017 0:00,5669.622533,2017,298,305925
10/26/2017 0:00,5893.138417,2017,299,255284
10/27/2017 0:00,5772.504983,2017,300,254200
10/28/2017 0:00,5776.69695,2017,301,231703
10/29/2017 0:00,6155.43402,2017,302,324291
10/30/2017 0:00,6105.87422,2017,303,311696
10/31/2017 0:00,6388.645167,2017,304,258886
11/1/2017 0:00,6665.306683,2017,305,373621
11/2/2017 0:00,7068.0201,2017,306,329205
11/3/2017 0:00,7197.72006,2017,307,265120
11/4/2017 0:00,7437.543317,2017,308,305433
11/5/2017 0:00,7377.012367,2017,309,273115
11/6/2017 0:00,6989.071667,2017,310,273139
11/7/2017 0:00,7092.127233,2017,311,330249
11/8/2017 0:00,7415.87825,2017,312,313220
11/9/2017 0:00,7158.03706,2017,313,323243
11/10/2017 0:00,6719.39785,2017,314,252555
11/11/2017 0:00,6362.851033,2017,315,200885
11/12/2017 0:00,5716.301583,2017,316,213720
11/13/2017 0:00,6550.227533,2017,317,302256
11/14/2017 0:00,6635.412633,2017,318,286100
11/15/2017 0:00,7301.42992,2017,319,313018
11/16/2017 0:00,7815.0307,2017,320,316841
11/17/2017 0:00,7786.884367,2017,321,288049
11/18/2017 0:00,7817.140383,2017,322,265935
11/19/2017 0:00,8007.654067,2017,323,267800
11/20/2017 0:00,8255.596817,2017,324,344327
11/21/2017 0:00,8059.8,2017,325,379639
11/22/2017 0:00,8268.035,2017,326,314401
11/23/2017 0:00,8148.95,2017,327,339336
11/24/2017 0:00,8250.978333,2017,328,330264
11/25/2017 0:00,8707.407267,2017,329,315627
11/26/2017 0:00,9284.1438,2017,330,337285
11/27/2017 0:00,9718.29505,2017,331,382315
11/28/2017 0:00,9952.50882,2017,332,381444
11/29/2017 0:00,9879.328333,2017,333,405089
11/30/2017 0:00,10147.372,2017,334,374130
12/1/2017 0:00,10883.912,2017,335,404505
12/2/2017 0:00,11071.36833,2017,336,326405
12/3/2017 0:00,11332.622,2017,337,356216
12/4/2017 0:00,11584.83,2017,338,402378
12/5/2017 0:00,11878.43333,2017,339,424779
12/6/2017 0:00,13540.98,2017,340,427561
12/7/2017 0:00,16501.97167,2017,341,372275
12/8/2017 0:00,16007.43667,2017,342,399710
12/9/2017 0:00,15142.83415,2017,343,384862
12/10/2017 0:00,14869.805,2017,344,326424
12/11/2017 0:00,16762.11667,2017,345,396467
12/12/2017 0:00,17276.39333,2017,346,380807
12/13/2017 0:00,16808.36667,2017,347,436794
12/14/2017 0:00,16678.892,2017,348,471086
12/15/2017 0:00,17771.9,2017,349,386936
12/16/2017 0:00,19498.68333,2017,350,378566
12/17/2017 0:00,19289.785,2017,351,377025
12/18/2017 0:00,18961.85667,2017,352,390211
12/19/2017 0:00,17737.11167,2017,353,408119
12/20/2017 0:00,16026.27167,2017,354,361048
12/21/2017 0:00,16047.51,2017,355,343473
12/22/2017 0:00,15190.945,2017,356,341508
12/23/2017 0:00,15360.26167,2017,357,313244
12/24/2017 0:00,13949.175,2017,358,261482
12/25/2017 0:00,14119.02833,2017,359,220754
12/26/2017 0:00,15999.04833,2017,360,279232
12/27/2017 0:00,15589.32167,2017,361,316216
12/28/2017 0:00,14380.58167,2017,362,298345
12/29/2017 0:00,14640.14,2017,363,353859
12/30/2017 0:00,13215.574,2017,364,350328
12/31/2017 0:00,14165.575,2017,365,262815
